county_id,accuracy,recession_lead_time,committee_lead_time
01001,15,-2,90
01003,16,0,92
01005,12,4,77
01007,17,3,110
01009,17,-3,90
01011,8,-9,119
01013,14,4,121
01015,22,2,100
01017,10,-5,110
01019,7,-1,92
01021,16,0,90
01023,24,0,110
01025,11,4,107
01027,10,-6,100
01029,11,5,92
01031,18,5,77
01033,11,6,92
01035,12,1,92
01037,24,4,120
01039,17,7,92
01041,15,5,110
01043,22,0,90
01045,20,0,124
01047,10,-4,120
01049,7,-2,92
01051,25,-1,90
01053,14,8,153
01055,12,5,92
01057,15,5,77
01059,42,-18,114
01061,19,5,77
01063,16,-10,90
01065,14,6,92
01067,12,-3,90
01069,22,-1,90
01071,15,5,92
01073,22,2,108
01075,11,0,92
01077,9,1,92
01079,17,3,111
01081,13,-1,101
01083,21,2,101
01085,14,-3,101
01087,11,0,62
01089,20,1,101
01091,10,-1,92
01093,17,1,108
01095,17,3,77
01097,12,6,153
01099,15,9,107
01101,15,-2,90
01103,21,3,111
01105,9,3,92
01107,12,5,92
01109,19,-9,121
01111,13,4,77
01113,16,6,77
01115,32,0,90
01117,31,-21,70
01119,10,-6,101
01121,17,6,92
01123,18,-2,110
01125,19,0,90
01127,21,2,100
01129,11,2,107
01131,11,-1,141
01133,9,4,92
02013,9,1,120
02016,15,2,82
02020,13,4,80
02050,18,0,92
02060,17,6,57
02068,18,5,57
02070,15,10,102
02090,13,3,80
02100,15,12,55
02105,7,11,0
02110,14,3,67
02122,20,2,90
02130,16,3,90
02150,15,-6,115
02158,12,-1,107
02164,16,11,138
02170,13,4,80
02180,17,-4,132
02185,17,-1,90
02188,14,0,77
02195,20,-14,56
02198,10,6,159
02220,13,7,83
02230,8,12,0
02240,14,-4,83
02261,19,6,57
02275,0,0,0
02282,13,14,220
02290,12,4,67
04001,16,0,107
04003,20,-7,90
04005,15,-5,121
04007,20,-6,90
04009,16,5,77
04011,19,-3,68
04012,16,-3,107
04013,21,-3,123
04015,19,-1,90
04017,15,2,107
04019,17,-3,108
04021,21,-2,62
04023,15,-6,117
04025,19,-7,80
04027,5,-4,24
05001,14,-9,121
05003,13,-4,122
05005,14,-2,122
05007,14,-9,121
05009,11,1,92
05011,18,9,92
05013,13,2,102
05015,12,3,102
05017,16,-4,122
05019,12,-8,129
05021,11,3,107
05023,9,2,107
05025,11,2,107
05027,11,-6,121
05029,15,0,112
05031,8,-3,120
05033,15,-1,112
05035,13,0,112
05037,12,2,107
05039,14,3,124
05041,16,-4,122
05043,12,-2,132
05045,15,0,112
05047,14,-1,121
05049,11,-4,92
05051,15,-7,121
05053,14,3,132
05055,6,-2,92
05057,12,-4,122
05059,15,-7,121
05061,12,-5,156
05063,7,1,92
05065,8,-1,107
05067,9,1,55
05069,15,2,122
05071,11,1,122
05073,13,-6,112
05075,10,-3,122
05077,5,-1,107
05079,14,-1,122
05081,12,-2,112
05083,11,2,135
05085,8,3,75
05087,16,-7,121
05089,15,-5,122
05091,13,-3,120
05093,10,2,55
05095,13,6,112
05097,11,-2,83
05099,10,-4,112
05101,15,1,122
05103,12,-4,122
05105,16,8,107
05107,14,1,122
05109,14,5,104
05111,8,2,112
05113,10,-5,104
05115,13,-6,122
05117,13,-1,72
05119,8,0,102
05121,8,2,107
05123,8,2,112
05125,19,-2,102
05127,9,-6,163
05129,15,0,115
05131,11,0,71
05133,11,-5,112
05135,10,2,107
05137,11,2,107
05139,8,2,81
05141,16,10,92
05143,14,-7,129
05145,7,1,80
05147,14,-2,132
05149,13,-1,121
06001,31,10,77
06003,7,-2,55
06005,12,1,80
06007,12,2,107
06009,13,3,107
06011,15,9,138
06013,33,3,111
06015,13,-1,89
06017,19,-6,101
06019,11,6,90
06021,10,3,80
06023,14,-3,81
06025,9,-8,102
06027,13,8,107
06029,15,-3,90
06031,16,-1,100
06033,12,5,90
06035,7,-1,107
06037,19,0,101
06039,12,6,123
06041,50,-3,111
06043,15,8,90
06045,15,6,107
06047,13,7,123
06049,12,6,90
06051,14,-9,137
06053,14,7,123
06055,16,-7,90
06057,17,-8,90
06059,19,0,101
06061,28,2,101
06063,14,-1,100
06065,19,0,101
06067,18,-8,90
12067,14,-4,77
12069,17,-15,77
12071,19,-11,101
12073,19,1,101
12075,14,4,77
12077,26,0,111
12079,17,-13,112
12081,10,-4,77
12083,21,0,77
12085,8,-5,62
12086,33,-13,121
12087,31,-9,80
12089,24,-2,100
12091,21,-11,80
12093,11,-6,111
12095,40,13,77
12097,25,-13,111
12099,14,2,121
12101,21,0,77
12103,36,11,77
12105,11,-10,77
12107,12,0,77
12109,31,5,62
12111,8,-5,62
12113,16,-5,62
12115,25,-11,77
12117,36,3,111
12119,11,-5,77
12121,25,6,77
12123,13,3,77
12125,20,3,111
12127,30,-3,77
12129,28,2,100
12131,21,-11,80
12133,10,-4,77
13001,14,8,128
13003,11,-1,80
13005,15,-6,110
13007,18,4,77
13009,15,-2,90
13011,24,4,77
13013,25,0,77
13015,25,-3,110
13017,13,-3,90
13019,21,5,76
13021,25,-4,47
13023,13,7,154
13025,18,2,123
13027,14,4,139
13029,28,-3,90
13031,6,-2,139
13033,8,-2,77
13035,14,3,77
13037,18,-2,101
13039,20,3,93
13043,14,0,90
13045,17,-1,77
13047,22,-3,60
13049,17,1,90
13051,17,5,124
13053,9,-1,138
13055,8,5,123
13057,31,-16,80
13059,16,10,99
13061,7,0,123
13063,28,0,101
13065,6,-4,62
13067,36,-14,139
13069,12,14,190
13071,18,3,77
13073,23,-11,90
13075,18,-5,80
13077,26,-10,90
13079,17,-14,121
13081,18,1,128
13083,16,-13,90
13085,32,6,100
13087,17,-3,62
13089,29,11,139
13091,11,3,147
13093,16,0,92
13095,20,5,124
13097,42,-12,90
13099,19,-9,136
13101,19,3,131
13103,21,-3,80
13105,18,0,70
13107,12,-10,111
13109,24,4,111
13111,17,-3,77
13113,28,0,90
13115,15,1,94
13117,42,-2,90
13119,42,-18,114
13121,35,2,111
13123,25,-3,80
13125,19,0,90
13127,25,-11,80
13129,14,1,94
13131,13,-1,90
13133,17,4,77
13135,36,0,139
13137,19,4,77
13139,29,5,62
13141,12,6,107
13143,21,-2,77
13145,18,-8,112
13147,13,0,92
13149,15,1,92
13151,27,-10,101
13153,20,2,108
13155,13,6,107
13157,32,0,77
13159,28,3,100
13161,12,1,92
13163,8,6,128
13165,6,2,68
13167,8,-1,154
13169,14,2,62
13171,14,2,120
13173,13,3,77
13175,17,3,121
13177,24,-4,141
13179,21,-6,113
13181,14,3,107
13183,19,-17,113
13185,11,7,99
13187,13,0,77
13189,12,7,92
13191,19,-11,60
13193,25,-4,47
13195,23,-11,129
13197,17,1,108
13199,13,6,77
13201,18,-8,98
13205,13,-7,110
13207,21,1,111
13209,11,-3,100
13211,22,-8,60
13213,16,7,123
13215,15,-9,143
13217,21,6,77
13219,20,3,108
13221,24,-19,102
13223,38,-2,90
13225,17,-1,108
13227,29,1,90
13229,16,-3,80
13231,17,-1,74
13233,22,-3,77
13235,22,5,154
13237,23,1,101
13239,13,-2,108
13241,14,-3,62
13243,11,-8,90
13245,18,-1,112
13247,25,0,101
13249,19,0,90
13251,15,5,62
13253,9,-2,77
13255,26,-11,113
13257,13,2,99
13259,21,-6,113
13261,15,-5,122
13263,14,-8,92
13265,19,0,119
13267,9,2,99
13269,21,4,131
13271,7,5,209
13321,10,5,99
15001,29,-33,114
15003,29,-33,114
15007,30,-9,62
15009,44,-3,108
16001,21,-8,90
16003,13,5,55
16005,15,-2,110
16007,13,3,80
16009,11,1,80
16011,11,-1,110
16013,14,4,80
16015,21,-8,90
16017,15,5,107
16019,15,-5,80
16021,19,-1,90
16023,13,3,107
16025,7,-2,55
16027,13,2,92
16029,17,0,110
16031,14,-3,100
16033,13,-4,110
16035,11,1,80
16037,15,11,55
16039,13,5,80
16041,12,2,107
16043,12,3,107
16045,15,4,107
16047,13,4,107
16049,21,-8,90
16051,15,-1,100
16053,12,4,107
16055,13,5,80
16057,9,-3,77
16059,14,8,90
16061,14,3,107
16063,14,4,107
16065,9,-3,62
16067,14,-1,110
16069,10,-1,107
16071,17,-5,90
16073,19,-1,110
16075,13,5,107
16077,14,4,97
16079,16,7,123
16081,13,8,100
16083,11,2,107
16085,14,9,138
16087,12,-6,80
17001,12,-1,62
17003,5,-2,77
17005,9,-1,62
17007,6,-1,107
17009,14,3,62
17011,11,0,77
17013,6,-1,80
17015,9,2,107
17017,10,1,92
17019,10,-7,90
17021,10,-1,107
17023,14,-8,129
17025,10,1,92
17027,10,-2,80
17029,7,-4,49
17031,11,0,77
17033,10,-1,62
17035,6,-2,92
17037,10,1,77
17039,9,0,77
17041,11,-3,80
17043,13,0,77
17045,10,-8,80
17047,10,1,92
17049,12,-4,80
17051,12,-2,100
17053,8,-1,62
17055,12,2,107
17057,10,1,92
17059,17,-4,100
17061,17,5,107
17063,9,3,107
17065,9,1,77
17067,5,-2,77
17069,8,2,107
17071,9,0,107
17073,10,3,77
17075,10,2,107
17077,15,-9,80
17079,13,2,107
17081,9,-1,107
17083,13,-5,80
17085,11,3,107
17087,6,-2,92
17089,9,2,92
17091,11,2,107
17093,10,1,77
17095,7,-3,77
17097,10,1,92
17101,17,3,111
17103,11,1,92
17105,6,-3,77
17107,10,-1,62
17109,5,-2,77
17111,12,1,92
17113,6,-4,62
17115,11,0,62
17117,15,1,80
17119,15,-7,80
17121,10,0,62
17123,10,2,107
17125,11,-1,121
17127,10,-8,93
17129,12,5,92
17131,13,4,80
17133,11,-1,77
17135,15,5,110
17137,21,3,111
17139,6,-4,62
17141,10,2,107
17143,16,-5,70
17145,11,-3,90
17147,8,0,62
17149,11,0,121
17151,11,-1,62
17153,9,2,107
17155,12,4,123
17157,11,-2,90
17159,7,-4,62
17161,10,3,77
17163,19,-6,80
17165,11,0,77
17167,9,-1,62
17169,11,3,107
17171,6,-3,89
17173,12,-4,60
17175,6,-1,80
17177,10,1,92
17179,10,0,77
17181,11,2,107
17183,11,-1,62
17185,13,-4,90
17187,6,-4,62
17189,13,4,107
17191,7,-4,62
17193,10,0,77
17195,9,-1,62
17197,11,0,77
17199,14,-8,106
17201,11,2,107
17203,10,0,62
18001,15,1,92
18003,15,1,92
18005,14,-1,77
18007,11,1,92
18009,13,2,107
18011,17,0,77
18013,14,4,107
18015,13,1,92
18017,15,2,107
18019,19,-15,114
18021,16,8,92
18023,13,0,77
18025,12,4,107
18027,13,-1,92
18029,18,1,92
18031,15,3,107
18033,13,0,77
18035,11,1,92
18037,17,-3,77
18039,18,3,77
18041,16,4,107
18043,18,-14,121
18045,14,1,107
18047,12,1,92
18049,13,2,107
18051,15,-5,122
18053,13,1,92
18055,15,-4,107
18057,27,-8,77
18059,14,-1,77
18061,13,3,92
18063,18,-4,77
18065,14,6,92
18067,10,-2,92
18069,10,1,92
18071,18,-1,77
18073,13,2,107
18075,11,0,92
18077,57,-39,137
18079,13,3,107
18081,17,-3,77
18083,15,2,122
18085,18,-1,77
18087,15,1,77
18089,13,2,107
18091,15,2,107
18093,13,2,107
20017,14,-4,83
20019,11,-3,98
20021,12,-5,113
20023,7,-8,111
20025,9,-12,89
20027,18,-1,123
20029,8,-5,71
20031,15,-4,122
20033,9,3,123
20035,15,1,102
20037,14,-5,114
20039,9,-9,123
20041,12,-1,92
20043,14,5,102
20045,10,-7,114
20047,10,-10,92
20049,10,-3,98
20051,13,-14,98
20053,10,-8,80
20055,12,10,80
20057,4,-1,68
20059,11,1,92
20061,12,-3,102
20063,12,-8,91
20065,19,-7,98
20067,10,1,62
20069,6,-4,82
20071,13,-13,55
20073,13,-3,112
20075,11,0,102
20077,11,-8,98
20079,14,-14,106
20081,7,0,47
20083,7,-2,138
20085,13,-3,92
20087,13,-2,98
20089,11,-9,91
20091,20,-7,92
20093,16,-10,133
20095,12,-12,75
20097,13,-6,90
20099,11,-5,123
20101,9,-6,91
20103,8,-2,92
20105,13,2,102
20107,11,3,90
20109,9,-3,68
20111,10,-2,77
20113,14,3,82
20115,13,-6,106
20117,12,-9,102
20119,10,-10,60
20121,9,-1,102
20123,11,-8,98
20125,15,-9,121
20127,10,-1,107
20129,6,-4,47
20131,13,-9,92
20133,13,-4,92
20135,11,-11,60
20137,15,-16,98
20139,10,-4,106
20141,6,-2,91
20143,6,-3,92
20145,8,-2,102
20147,13,-11,92
20149,11,-9,90
20151,18,-5,133
20153,13,-1,100
20155,10,-2,77
20157,11,-11,68
20159,13,-2,84
20161,15,-9,114
20163,15,1,141
20165,10,-9,83
20167,6,-4,62
20169,9,-2,91
20171,11,-8,90
20173,17,-17,90
20175,15,-9,111
20177,11,-6,91
20179,11,-9,80
20181,13,-11,113
20183,11,-3,102
20185,9,-8,102
20187,6,-8,104
20189,17,-12,92
20191,19,-22,91
20193,13,-9,123
20195,15,-1,92
20197,17,0,110
20199,8,-1,55
20201,8,0,102
20203,17,-17,90
20205,17,-1,122
20207,13,-10,102
20209,13,4,92
21001,12,2,107
21003,12,2,77
21005,10,-3,92
21007,12,2,107
21009,15,-5,80
21011,10,0,107
21013,7,-3,55
21015,14,-2,77
21017,8,-3,92
21019,12,0,107
21021,10,-3,77
21023,11,2,107
21025,12,3,123
21027,12,3,107
21029,11,1,77
21031,25,-11,136
21033,11,0,92
21035,11,-8,92
21037,17,8,77
21039,17,-5,80
21041,13,4,107
21043,11,2,107
21045,12,0,92
24510,19,-2,129
25001,14,5,123
25003,14,2,107
25005,13,2,107
25007,13,8,90
25009,18,-1,92
25011,12,2,107
25013,11,1,92
25015,19,-7,112
25017,36,-17,112
25019,13,6,138
25021,19,-3,77
25023,12,0,92
25025,22,0,112
25027,14,-1,92
26001,15,6,123
26003,11,5,90
26005,12,3,92
26007,10,3,107
26009,16,7,107
26011,13,1,123
26013,8,0,92
26015,9,-2,92
26017,13,2,107
26019,13,-5,100
26021,11,4,107
26023,13,-2,112
26025,14,0,112
26027,12,2,92
26029,8,-1,107
26031,15,-3,110
26033,11,1,90
26035,13,5,123
26037,8,-4,62
26039,15,6,123
26041,7,0,90
26043,13,4,123
26045,8,-3,77
26047,15,8,90
26049,11,0,77
26051,13,3,107
26053,12,-2,107
26055,14,7,107
26057,11,3,92
26059,6,-3,77
26061,11,-2,92
26063,11,0,107
26065,7,-4,62
26067,10,2,77
26069,8,0,123
26071,14,8,90
26073,9,-3,92
26075,18,0,62
26077,10,-9,102
26079,15,7,123
26081,13,-9,112
26083,13,6,102
26085,13,3,107
26087,11,3,107
26089,14,-6,90
26091,5,-2,77
26093,12,-2,77
26095,12,5,90
26097,10,3,100
26099,15,6,77
26101,12,0,107
26103,13,3,107
26105,15,6,107
26107,9,-1,107
26109,12,-7,133
26111,12,-7,113
26113,10,4,107
26115,9,-8,112
26117,11,1,92
26119,11,5,123
26121,13,-1,77
26123,13,3,107
26125,21,-2,102
26127,15,7,123
26129,15,6,123
26131,15,5,90
26133,10,3,107
26135,12,4,55
26137,14,5,107
26139,13,-1,77
26141,16,7,90
26143,14,5,90
26145,11,1,77
26147,9,1,92
26149,13,0,92
26151,10,3,107
26153,14,5,90
26155,9,-2,92
26157,13,2,107
26159,13,4,107
26161,13,-2,112
26163,17,2,123
26165,13,3,107
27001,7,2,55
27003,14,-1,92
27005,13,5,123
27007,12,3,123
27009,7,0,123
27011,15,1,121
27013,12,-2,92
27015,16,7,107
27017,4,-3,55
27019,10,-1,77
27021,11,-1,102
27023,10,1,55
27025,7,0,123
27027,9,-1,107
27029,14,7,90
27031,7,-1,40
27033,7,-1,107
27035,11,4,123
27037,14,-3,77
27039,9,2,107
27041,11,-1,107
27043,7,2,55
29143,11,-6,122
29145,13,-8,132
29147,9,-4,141
29149,12,-1,104
29151,12,5,77
29153,11,3,104
29155,13,7,123
29157,14,-2,112
29159,11,6,138
29161,9,4,107
29163,9,-2,107
29165,12,-5,77
29167,8,-3,62
29169,17,2,111
29171,10,4,102
29173,13,-8,122
29175,9,-6,122
29177,12,3,107
29179,6,2,73
29181,12,-7,122
29183,13,5,107
29185,19,-6,80
29186,12,3,107
29187,14,6,107
29189,18,2,112
29195,10,-5,132
29197,8,-2,92
29199,11,5,77
29201,16,-1,122
29203,17,1,133
29205,14,-2,99
29207,7,-1,107
29209,17,9,123
29211,11,-8,122
29213,11,-1,107
29215,12,6,55
29217,12,5,92
29219,12,4,107
29221,14,-7,129
29223,17,-4,122
29225,8,-11,104
29227,11,-4,90
29229,8,4,55
29510,18,2,112
30001,12,2,107
30003,6,7,159
30005,9,2,107
30007,14,4,107
30009,13,4,90
30011,10,-2,61
30013,12,6,107
30015,11,-3,132
30017,13,9,107
30019,19,-1,153
30021,14,9,107
30023,17,11,107
30025,17,1,138
30027,13,6,123
30029,14,6,90
30031,13,6,123
30033,9,1,123
30035,13,5,123
30037,16,2,121
30039,13,5,123
30041,13,-4,90
30043,16,-3,90
30045,17,8,107
30047,9,2,107
30049,14,6,107
30051,17,-4,90
30053,8,1,55
30055,14,7,77
30057,12,2,100
30059,10,4,90
30061,14,6,90
30063,12,7,107
30065,13,-1,113
30067,13,7,90
30069,11,5,123
30071,10,3,123
30073,15,4,92
30075,11,3,107
30077,10,0,107
30079,10,-1,107
30081,13,7,107
30083,20,2,77
30085,14,7,159
30087,12,2,100
30089,10,4,123
30091,16,-4,122
30093,9,5,107
30095,10,5,107
30097,14,-4,122
30099,13,7,123
30101,25,8,123
30103,11,-2,45
30105,16,2,121
30107,14,8,90
30109,13,6,134
30111,14,5,107
31001,15,-8,129
31003,14,-2,101
31005,9,2,58
31007,16,-7,102
31009,13,2,121
31011,10,0,77
31013,13,6,92
31015,12,3,107
31017,13,-1,77
31019,8,-2,92
31021,12,4,123
31023,19,-9,112
31025,11,3,92
31027,17,2,77
31029,17,-15,114
31031,16,0,77
31033,18,-11,144
31035,11,-4,110
31037,22,-15,96
31039,10,-3,77
37019,14,-5,100
37021,15,-6,77
37023,19,6,77
37025,31,-11,92
37027,14,-14,92
37029,13,-3,60
37031,12,-1,92
37033,19,-3,102
37035,14,-11,112
37037,18,-14,112
37039,14,2,77
37041,10,-4,77
37043,33,8,77
37045,19,3,77
37047,21,7,120
37049,20,3,77
37051,13,-4,84
37053,13,3,69
37055,18,1,100
37057,25,-21,102
37059,14,-12,83
37061,20,0,77
37063,33,-14,84
37065,18,7,77
37067,19,4,77
37069,20,6,77
37071,13,-6,77
37073,11,3,61
37075,11,4,107
37077,19,3,77
37079,17,3,62
37081,19,-3,123
37083,17,7,107
37085,14,1,77
37087,15,1,77
37089,20,-15,112
37091,10,2,61
37093,17,-14,103
37095,15,9,43
37097,21,7,77
37099,10,-3,77
37101,19,-9,62
37103,17,3,62
37105,18,-11,123
37107,15,-12,112
37109,16,5,77
37111,17,0,77
37113,13,2,92
37115,12,-3,77
37117,17,-6,112
37119,31,5,77
37121,15,1,92
37123,14,-7,62
37125,17,0,77
37127,19,8,77
37129,25,-5,111
37131,13,7,92
37133,15,2,77
37135,19,-6,94
37137,13,-3,77
37139,12,2,77
37141,19,3,77
37143,10,-3,77
37145,15,-6,77
37147,17,2,123
37149,31,-25,110
37151,15,-4,77
37153,13,3,77
37155,20,5,77
37157,25,3,123
37159,17,-15,102
37161,16,-6,123
37163,16,-1,77
37165,12,-10,102
37167,28,-3,112
37169,13,-4,77
37171,13,3,77
37173,12,5,67
37175,14,-4,77
37177,15,6,80
37179,21,-6,77
37181,14,4,77
37183,43,-35,112
37185,15,3,77
37187,14,-7,129
37189,8,-2,77
37191,24,0,123
37193,14,-5,77
37195,18,4,77
37197,21,-17,102
37199,16,9,92
38001,14,2,123
38003,11,1,92
38005,10,3,107
38007,16,-4,132
38009,12,2,107
38011,13,4,107
38013,12,2,107
38015,11,2,107
38017,11,-1,102
38019,13,2,107
38021,17,-8,102
38023,18,-1,62
38025,16,-1,77
38027,13,4,107
38029,13,5,90
38031,11,2,107
38033,11,3,61
38035,10,-3,156
38037,13,4,107
38039,13,3,104
38041,16,8,107
38043,13,4,123
38045,14,-4,112
38047,11,-4,110
38049,10,0,107
38051,14,-3,107
38053,18,-3,110
38055,13,4,107
38057,15,5,121
42031,10,2,107
42033,16,10,123
42035,9,3,107
42037,8,0,80
42039,12,6,107
42041,14,3,77
42043,14,-7,112
42045,16,2,77
42047,11,5,55
42049,13,6,107
42051,14,7,123
42053,12,7,55
42055,15,5,92
42057,9,4,123
42059,12,3,117
42061,8,1,55
42063,11,6,123
42065,15,8,123
42067,11,3,80
42069,10,0,92
42071,15,-1,112
42073,11,2,80
42075,16,-1,122
42077,14,4,77
42079,13,5,92
42081,11,2,107
42083,9,0,55
42085,13,-3,110
42087,8,2,107
42089,14,4,92
42091,22,-5,129
42093,8,-2,69
42095,10,4,92
42097,11,2,107
42099,13,6,107
42101,24,-9,134
42103,13,2,107
42105,6,0,89
42107,10,1,92
42109,5,0,55
42111,21,-2,107
42113,12,5,55
42115,12,2,107
42117,6,0,122
42119,18,4,121
42121,16,4,121
42123,13,2,107
42125,10,1,92
42127,31,-2,98
42129,11,5,107
42131,12,3,107
42133,31,-2,98
44001,13,2,107
44003,13,6,92
44005,17,-1,110
44007,17,8,92
44009,15,2,92
45001,16,-3,122
45005,15,3,107
45007,19,-9,112
45009,15,8,92
45011,25,3,132
45013,12,-2,122
45017,17,2,122
45019,12,-2,92
45021,13,3,107
45023,12,-4,122
45025,17,-4,132
45027,20,6,143
45029,17,8,92
45031,18,8,107
45033,13,6,107
45035,14,0,92
45037,19,-7,112
45039,10,-3,107
45041,21,-5,132
45043,16,6,107
45045,19,-9,112
45047,14,-4,122
45049,22,12,107
45051,14,8,123
45053,19,6,92
45055,15,8,107
45057,16,10,107
45059,17,1,112
45061,17,-1,143
45063,22,-9,122
45065,16,-2,132
45067,14,4,107
45069,19,-3,122
45071,12,-2,156
45073,15,-1,112
45075,15,8,92
45077,17,1,122
45079,20,0,122
45081,15,-5,122
45083,19,1,122
45085,17,9,107
45087,21,-6,77
45089,17,9,107
45091,23,10,92
46003,19,-6,60
46005,15,-2,62
46007,7,-6,80
46009,17,-8,90
46011,6,-6,111
46013,11,1,68
46015,19,-1,62
46017,10,-6,119
46019,13,3,92
46021,14,-7,75
46023,10,-6,66
46025,15,-2,90
46027,12,-11,133
46029,14,1,77
46031,9,-9,92
46033,14,5,67
46035,14,0,71
48127,16,-7,119
48129,11,-6,126
48131,27,-4,137
48133,21,-12,121
48135,29,-3,144
48137,18,1,106
48139,25,-5,112
48141,13,-8,102
48143,13,0,163
48145,17,-6,121
48147,23,-4,102
48149,12,-5,123
48151,15,-7,91
48153,13,1,112
48155,17,7,123
48157,15,-12,143
48159,18,-9,106
48161,24,-7,121
48163,22,-3,129
48165,13,-5,126
48167,21,-18,121
48169,19,0,122
48171,17,-12,98
48173,16,1,105
48175,18,-8,122
48177,17,-5,129
48179,16,-14,83
48181,35,-5,102
48183,27,-7,114
48185,15,0,126
48187,25,-19,129
48189,15,-2,102
48191,17,-7,124
48193,4,0,62
48195,14,-13,114
48197,13,8,95
48199,19,-1,164
48201,21,-18,121
48203,21,-4,121
48205,12,-7,101
48207,13,-2,77
48209,13,-7,126
48211,14,-7,111
48213,17,-11,121
48215,16,0,137
48217,19,-2,102
48219,26,-7,143
48221,19,-3,102
48223,17,-3,92
48225,21,-18,121
48227,16,-15,133
48229,14,-12,143
48231,28,-7,121
48233,19,-6,121
48235,17,-6,129
48237,15,-14,149
48239,19,-6,129
48241,24,0,122
48243,8,-10,104
48245,13,11,159
48247,16,0,126
48249,26,-6,137
48251,15,-9,102
48253,21,-21,121
48255,22,-8,114
48257,25,-7,129
48259,24,-20,143
48261,16,1,178
48263,13,7,55
48265,22,-18,121
48267,17,-4,114
48269,8,-1,69
48271,14,2,107
48273,17,-3,143
48275,24,-6,102
48277,28,-15,112
48279,17,-4,77
48281,17,-9,143
48283,25,-7,119
48285,20,-1,106
48287,21,-2,102
48289,21,-4,129
48291,19,-3,136
48293,23,-8,114
48295,15,-3,84
48297,19,-16,121
48299,16,-10,106
48301,10,7,215
48303,17,-3,114
48305,14,-7,112
48307,5,-9,153
48309,17,-7,102
48311,14,-9,78
48313,13,0,126
48315,22,1,133
48317,17,-15,135
48319,18,-1,106
48321,13,2,135
48323,15,7,123
48325,32,-8,121
48327,14,-3,68
48329,12,-7,113
48331,14,-2,154
48333,13,-3,102
48335,19,-2,102
48337,19,-9,98
48339,25,-19,129
48341,18,-15,121
48343,30,-5,113
48345,19,-5,112
48347,11,1,126
48349,17,0,132
48351,16,9,107
48353,19,-13,123
48355,23,-8,121
48357,17,-5,153
48359,14,-3,112
48361,15,2,121
48363,28,-17,121
48365,15,0,112
51109,17,-1,77
51111,15,0,62
51113,19,-4,62
51115,15,-1,77
51117,17,5,62
51119,14,0,92
51121,40,-33,121
51125,20,3,77
51127,33,-1,92
51131,15,2,107
51133,14,3,107
51135,17,-7,62
51137,25,-13,90
51139,16,9,123
51141,21,1,77
51143,19,6,77
51145,27,-6,62
51147,11,-6,123
51149,29,-24,121
51153,50,-19,121
51155,10,3,123
51157,23,-6,80
51159,25,-2,62
51161,25,-6,62
51163,15,0,77
51165,29,2,62
51167,14,7,107
51169,20,-4,101
51171,22,-3,62
51173,19,3,107
51175,14,4,77
51177,24,-11,100
51179,36,-13,100
51181,11,-5,102
51183,17,3,77
51185,12,2,121
51187,21,-2,77
51191,19,-2,129
51193,13,3,107
51195,17,-3,77
51197,14,-3,143
51199,25,-6,100
51510,19,-2,129
51520,22,-3,143
51530,19,-1,77
51540,17,2,111
51550,21,3,62
51570,25,-2,62
51580,16,3,121
51590,14,1,92
51595,15,1,62
51600,56,-30,112
51610,25,-6,62
51620,20,3,77
51630,19,3,62
51640,14,-5,102
51650,22,-3,62
51660,29,2,62
51670,16,2,62
51678,8,-2,68
51680,12,4,77
51683,21,-3,77
51685,21,-6,100
51690,12,-1,77
51700,20,-3,62
51710,20,-3,62
51720,15,3,92
51730,12,0,77
51735,25,-11,141
51740,17,3,62
51750,19,-7,102
51760,25,-2,62
51770,25,-6,62
51775,33,-2,102
51790,25,-6,62
51800,23,-7,111
51810,20,-3,62
51820,17,4,62
51830,14,5,77
51840,21,5,62
53001,14,7,92
53003,12,-6,80
53005,17,-3,90
53007,15,6,123
53009,10,1,80
53011,11,-3,62
53013,16,-6,112
53015,11,-2,77
53017,12,1,123
53019,12,-10,56
53021,14,8,90
53023,10,2,75
53025,14,7,92
53027,14,-6,75
53029,13,-2,77
53031,15,-10,67
53033,26,-21,102
53035,15,-13,70
53037,11,0,107
53039,14,4,107
53041,17,-2,90
53043,15,7,107
53045,13,-7,80
53047,13,7,90
53049,19,0,90
53051,11,2,55
53053,11,-4,61
53055,14,-5,75
53057,14,5,107
53059,14,4,107
53061,29,-17,121
53063,10,-1,107
53065,13,5,102
53067,12,-5,77
53069,10,0,107
53071,13,4,80
53073,10,-3,92
53075,12,-10,114
53077,15,7,123
54001,8,0,55
56029,12,6,90
56031,11,3,122
56033,13,3,123
56035,15,3,138
56037,19,-2,121
56039,12,7,98
56041,14,1,92
56043,13,2,107
56045,13,2,81
06069,12,4,107
06071,14,-5,101
06073,29,0,101
06075,36,-2,123
06077,12,4,107
06079,26,-3,70
06081,36,-2,123
06083,19,1,90
06085,40,9,77
06087,15,6,123
06089,13,-2,89
06091,12,5,107
06093,11,6,123
06095,23,0,90
06097,24,0,101
06099,12,4,107
06101,12,6,123
06103,11,2,107
06105,11,5,90
06107,12,6,123
06109,10,2,80
06111,13,-2,90
06113,7,-1,80
06115,12,6,123
08001,24,-2,92
08003,19,8,107
08005,30,0,169
08007,17,4,107
08009,17,5,92
08011,17,-3,92
08013,29,-4,77
08014,31,-5,77
08015,22,-4,90
08017,17,0,60
08019,19,-10,124
08021,15,3,107
08023,15,4,107
08025,19,-3,121
08027,17,-11,70
08029,17,3,80
08031,29,-4,77
08033,17,5,90
08035,33,-3,154
08037,13,-6,144
08039,20,-8,110
08041,25,0,92
08043,21,3,107
08045,20,-6,90
08047,27,0,77
08049,19,-2,121
08051,14,-3,141
08053,12,2,55
08055,10,-1,80
08057,14,3,80
08059,33,-5,141
08061,15,-7,83
08063,17,-5,77
08065,19,6,111
08067,17,0,80
08069,20,-6,120
08071,22,-3,110
08073,12,-2,80
08075,20,2,120
08077,19,-2,121
08079,13,5,138
08081,17,3,80
08083,15,5,90
08085,15,2,107
08087,14,-3,92
08089,19,-1,131
08091,16,6,90
08093,25,-3,120
08095,19,-7,111
08097,16,3,137
08099,15,-1,77
08101,19,0,92
08103,14,2,92
08105,13,3,107
08107,18,-10,97
08109,16,2,107
08111,17,10,138
08113,14,1,138
08115,14,-3,92
08117,11,-2,100
08119,19,-4,120
08121,15,-3,71
08123,22,-4,120
08125,14,-4,92
09001,18,5,92
09003,16,5,92
09005,16,7,92
09007,36,-17,112
09009,16,5,92
09011,20,6,92
09013,13,4,92
09015,14,6,92
10001,12,-3,90
10003,18,0,90
10005,13,3,107
11001,19,-2,129
12001,23,2,100
12003,21,-2,77
12005,33,-20,101
12007,21,7,77
12009,33,-20,101
12011,44,0,111
12013,14,-1,62
12015,11,-5,77
12017,12,0,77
12019,33,8,77
12021,10,-7,90
12023,21,6,77
12027,15,-6,101
12029,14,-1,77
12031,21,10,77
12033,21,0,77
12035,17,-3,77
12037,22,-4,80
12039,11,-5,77
12041,14,-4,62
19083,10,-1,107
19085,12,4,112
19087,10,3,77
19089,10,-1,107
19091,12,-6,98
19093,11,3,112
19095,15,-3,81
19097,13,3,107
19099,8,1,107
19101,11,0,72
19103,17,-1,111
19105,12,3,107
19107,13,-2,106
19109,16,-5,112
19111,14,-2,112
19113,13,-4,102
19115,11,2,80
19117,15,-5,83
19119,13,1,112
19121,13,4,107
19123,12,-1,77
19125,13,2,107
19127,17,1,110
19129,13,1,77
19131,12,0,92
19133,9,-1,112
19135,11,3,112
19137,11,2,107
19139,14,0,92
19141,11,2,112
19143,11,0,77
19145,7,-3,92
19147,14,4,102
19149,17,-4,92
19151,14,-2,100
19153,23,-16,96
19155,13,4,107
19157,8,0,55
19159,9,-3,77
19161,17,3,110
19163,6,-3,89
19165,12,2,107
19167,10,1,107
19169,20,-6,106
19171,16,1,110
19173,13,-13,92
19175,21,-11,92
19177,8,-2,71
19179,13,-3,98
19181,14,-3,122
19183,12,7,80
19185,10,-4,49
19187,13,-2,122
19189,19,2,60
19191,12,2,107
19193,13,1,110
19195,12,2,80
19197,10,-3,77
20001,12,-4,102
20003,13,-4,112
20005,17,-1,102
20007,14,-6,100
20009,8,-2,91
20011,6,-2,92
20013,11,0,82
20015,17,-19,90
21047,5,-2,77
21049,19,-15,114
21051,14,1,92
21053,10,-1,107
21055,8,-1,107
21057,11,1,107
21059,15,6,92
21061,13,3,107
21063,13,2,107
21065,8,-1,107
21067,11,5,99
21069,8,-1,80
21071,18,-14,121
21073,14,-5,90
21075,17,-6,121
21077,10,1,92
21079,14,5,92
21081,13,2,92
21083,12,1,92
21085,13,5,92
21087,8,-2,92
21089,13,2,107
21091,12,3,77
21093,13,4,92
21095,13,-10,119
21097,13,3,92
21099,12,4,138
21101,13,0,92
21103,11,2,92
21105,11,-6,122
21107,13,2,92
21109,9,-2,81
21111,57,-39,137
21113,9,-4,77
21115,17,7,107
21117,17,3,77
21119,16,-7,136
21121,9,-3,77
21123,17,3,110
21125,12,0,77
21127,16,1,132
21129,11,4,107
21131,10,-2,55
21133,12,-8,104
21135,15,2,107
21137,12,1,92
21139,10,-1,107
21141,8,-3,77
21143,14,4,92
21145,10,-3,69
21147,9,-1,107
21149,11,1,92
21151,8,-3,92
21153,17,-4,100
28029,13,-10,121
28031,15,-5,114
28035,16,-6,143
28037,12,-5,135
28039,17,-4,149
28041,13,-13,129
28043,14,-8,102
28045,19,-20,121
28047,14,-15,91
28049,19,-10,108
28051,9,1,55
28053,6,-2,55
28055,13,5,55
28057,13,-9,129
28059,18,0,62
28061,7,-5,117
28063,9,0,55
28065,14,-7,121
28067,16,-4,129
28069,12,-6,152
28071,13,-10,154
28073,14,-3,141
28075,14,-10,129
28077,11,-3,132
28079,17,-4,129
28081,14,-9,137
28083,11,1,92
28085,15,-11,129
28087,17,-10,121
28089,18,0,62
28091,16,-8,112
28093,6,-4,62
28095,13,-9,137
28097,14,-4,112
28099,16,-11,114
28101,17,-6,114
28103,9,-2,135
28105,11,-9,143
28107,12,-7,112
28109,17,-6,114
28111,9,0,107
28113,12,-10,121
28115,14,-3,121
28117,16,-7,101
28119,9,0,55
28121,9,-8,92
28123,17,-4,129
28125,9,3,55
28127,15,-12,129
28129,15,0,86
28131,13,-10,153
28133,8,1,55
28135,13,3,107
28137,12,-5,101
28139,17,-2,111
28141,6,-3,55
28143,10,2,55
28145,19,-9,137
28147,14,-10,121
28149,15,-12,121
28151,8,0,55
28153,10,3,55
28155,10,-3,77
28157,9,-9,139
28159,11,-8,123
28161,12,-2,77
28163,13,-2,101
29001,12,-6,132
29003,9,-1,107
29005,13,-4,92
29007,11,6,107
29009,11,-4,104
29011,7,-1,107
29013,16,9,107
29015,14,-9,121
29017,9,4,107
29019,7,8,128
29021,13,-3,107
29023,11,-8,129
29025,11,4,107
29027,11,4,107
29029,15,9,138
29031,13,4,77
29033,6,3,55
29035,12,6,107
29037,13,5,107
29039,5,3,55
29041,11,-1,122
29043,10,-1,107
29045,14,-8,129
29047,18,-1,123
29049,10,-2,80
29051,15,-3,122
29053,7,2,159
29055,9,-6,100
29057,12,1,110
29059,10,-1,102
29061,11,1,107
29063,9,-1,107
29065,15,11,123
29067,8,7,55
29069,8,-6,122
29071,12,2,107
29073,11,3,92
29075,14,-3,123
29077,17,5,107
29079,12,-2,122
29081,9,-1,112
29083,11,4,107
29085,9,5,123
29087,9,-8,104
29089,15,9,107
29091,15,9,55
29093,12,3,112
29095,13,-3,92
29097,21,-4,123
29099,9,-1,107
29101,20,-7,92
29103,13,4,107
36087,24,-1,90
36089,12,4,107
36091,13,-1,69
36093,16,3,60
36095,9,2,107
36097,15,5,123
36099,13,4,90
36101,14,4,107
36103,18,2,110
36105,13,3,80
36107,15,-1,121
36109,15,-7,106
36111,15,2,100
36113,17,0,100
36115,16,-3,100
36117,31,-2,98
36119,23,-2,90
36121,18,-1,100
36123,16,-3,100
37001,14,-11,112
37003,15,-12,112
37005,12,0,107
37007,17,-9,112
37009,12,1,92
37011,11,0,107
37013,14,-4,77
37015,10,-2,92
37017,14,4,77
38059,11,3,107
38061,20,-5,100
38063,12,4,107
38065,11,4,123
38067,13,3,107
38069,12,4,107
38071,12,2,107
38073,15,-4,122
38075,10,2,107
38077,12,1,92
38079,13,5,123
38081,13,-8,102
38083,14,7,102
38085,13,-8,92
38087,10,2,62
38089,15,2,107
38091,11,-2,77
38093,12,2,107
38095,14,2,94
38097,13,-3,132
38099,13,2,107
38101,11,2,107
38103,13,5,107
38105,14,0,92
39001,13,3,107
39003,18,8,107
39005,10,2,107
39007,13,3,107
39009,16,-1,129
39011,17,-5,132
39013,7,-3,55
39015,16,-2,89
39017,25,-11,136
39019,18,-2,100
39021,7,0,55
39023,14,-8,129
39025,15,-2,120
39027,17,-5,100
39029,15,2,107
39031,12,3,123
39033,11,-2,131
39035,10,0,92
39037,16,-2,110
39039,12,2,107
39041,18,-17,114
39043,15,-2,100
39045,22,-11,121
39047,15,-5,100
39049,42,-18,114
39051,12,3,107
39053,12,-4,122
39055,13,1,107
39057,17,5,107
39059,14,4,123
39061,19,-19,106
39063,19,-9,136
39065,12,-2,104
39067,11,0,40
39069,13,2,107
39071,15,2,107
39073,10,2,107
39075,12,-8,80
39077,6,0,90
39079,16,-1,89
39081,14,2,80
39083,12,6,92
39085,10,1,107
39087,16,1,132
39089,18,-3,89
39091,12,4,80
39093,11,2,107
39095,13,-2,110
39097,23,-11,129
39099,13,2,107
39101,17,1,108
39103,13,0,92
39105,13,-2,110
39107,15,0,92
39109,17,-2,120
39111,13,0,40
39113,21,2,101
39115,12,1,55
39117,13,2,107
39119,10,3,107
39121,12,0,40
39123,19,1,110
39125,14,7,55
39127,14,2,107
39129,10,-1,80
39131,17,-2,100
39133,17,3,110
39135,17,-4,90
47081,23,8,80
47083,13,8,107
47085,10,5,107
47087,18,0,62
47089,9,-1,92
47091,15,-1,62
47093,15,-7,93
47095,10,1,107
47097,13,5,62
47099,23,9,111
47101,17,5,62
47103,19,2,102
47105,14,-8,90
47107,13,4,77
47109,13,7,107
47111,15,3,62
47113,18,0,62
47115,9,-3,131
47117,7,2,58
47119,19,1,98
47121,11,4,123
47123,10,-1,77
47125,18,-1,80
47127,14,-1,131
47129,9,-2,92
47131,22,3,110
47133,10,6,107
47135,8,4,55
47137,12,5,123
47139,15,1,81
47141,16,-2,80
47143,9,-2,92
47145,15,-6,110
47147,21,2,90
47149,17,0,62
47151,15,-1,111
47153,13,-2,77
47155,12,4,107
47157,18,0,90
47159,13,5,77
47161,17,1,80
47163,17,3,77
47165,17,-5,62
47167,23,8,77
47169,15,1,62
47171,14,1,121
47173,11,0,100
47175,13,3,77
47177,9,-3,77
47179,15,-1,62
47181,15,8,107
47183,6,-4,62
47185,12,-3,77
47187,14,-11,80
47189,15,-3,89
48001,17,-10,102
48003,19,-12,122
48005,18,-9,102
48007,21,-11,102
48009,15,-13,121
48011,8,-2,115
48013,21,-7,102
48015,29,-11,141
48017,13,-6,102
48019,15,-8,112
48021,18,-2,141
48023,11,-1,82
48025,24,-8,136
48027,19,-3,102
48029,24,-9,121
48031,17,-3,92
48033,14,-8,102
48035,14,-8,102
48037,24,-14,121
48039,21,-18,121
48041,13,-1,153
48043,15,-1,153
48045,17,0,113
48047,18,-5,121
48049,14,-12,121
48051,21,-4,129
48053,21,-13,102
48055,16,-1,112
48057,22,1,122
48059,18,-3,102
48061,16,1,122
48063,19,-5,114
48065,19,-11,102
48067,18,-9,102
48069,20,6,92
48071,21,-3,137
48073,28,2,121
48075,27,-12,136
48077,13,-9,98
48079,21,-2,112
48081,16,4,131
48083,24,-20,113
48085,28,-18,137
48087,19,9,145
48089,24,-4,102
48091,21,-16,129
48093,15,-9,102
48095,17,-7,98
48097,18,7,92
48099,17,1,126
48101,17,5,138
48103,19,4,172
48105,14,-15,98
48107,15,0,77
48109,17,-17,106
48111,9,-4,92
48113,20,-12,102
48115,15,-6,122
48117,15,-14,102
48119,15,-9,83
48121,21,-14,137
48123,24,-9,121
48125,14,2,77
48367,24,-14,102
48369,15,-9,102
55061,13,0,92
55063,8,1,102
55065,16,-4,122
55067,10,2,92
55069,11,0,55
55071,11,2,107
55073,10,-3,92
55075,10,0,89
55077,14,4,107
55078,7,-9,119
55079,13,-6,102
55081,10,1,81
55083,13,2,102
55085,10,2,43
55087,11,0,84
55089,12,-12,92
55091,12,3,107
55093,13,2,81
55095,13,4,92
55097,13,1,107
55099,10,2,43
55101,13,-6,102
55103,9,-3,92
55105,12,-6,112
55107,11,-1,81
55109,12,1,81
55111,13,2,92
55113,11,1,92
55115,12,1,81
55117,10,-9,102
55119,13,5,123
55121,13,3,81
55123,12,3,107
55125,10,1,75
55127,11,1,92
55129,13,4,92
55131,9,-5,77
55133,13,-6,102
55135,12,1,71
55137,15,-4,122
55139,10,-5,77
55141,15,-4,122
56001,10,-4,156
56003,13,3,107
56005,13,1,107
56007,17,-2,106
56009,17,4,123
56011,13,2,107
56013,13,4,123
56015,10,0,55
56017,14,3,90
56019,13,4,90
56021,14,2,107
56023,11,3,90
56025,19,-3,133
56027,9,4,138
12043,13,-6,77
12045,20,-8,80
12047,14,-1,77
12049,6,-4,68
12051,10,-5,100
12053,17,-7,77
12055,11,-7,124
12057,25,-5,77
12059,15,5,77
12061,14,-11,111
12063,21,0,80
12065,13,-1,62
13273,19,6,77
13275,17,4,49
13277,23,7,77
13279,14,0,101
13281,14,7,77
13283,12,-4,110
13285,19,-3,62
13287,11,8,92
13289,14,1,92
13291,19,-9,100
13293,15,-1,121
13295,14,-2,121
13297,26,-5,111
13299,14,-4,99
13301,12,7,55
13303,23,4,110
13305,13,0,101
13307,17,-4,100
13309,10,4,55
13311,17,-3,77
13313,14,3,107
13315,16,-5,101
13317,18,-1,135
13319,16,1,111
18095,11,3,107
18097,26,-10,123
18099,13,2,92
18101,14,0,77
18103,13,1,92
18105,11,-1,77
18107,15,-2,77
18109,13,1,92
18111,14,2,107
18113,13,2,77
18115,13,7,107
18117,15,1,92
18119,12,2,92
18121,13,3,107
18123,12,3,107
18125,15,6,107
18127,14,1,107
18129,14,5,92
18131,14,2,107
18133,9,-2,92
18135,13,2,107
18137,13,3,92
18139,13,0,92
18141,13,0,92
18143,14,0,77
21215,12,4,77
21217,10,0,77
21219,9,-3,92
21221,8,-2,92
21223,11,-1,92
21225,13,-1,77
21227,21,-9,90
21229,14,5,77
21231,10,2,107
21233,9,1,71
21235,13,-1,77
21237,8,0,123
21239,13,-10,102
22001,19,-4,123
22003,8,-7,119
22005,11,-11,106
22007,23,-5,106
22009,9,-7,119
22011,14,-6,104
22013,15,-7,132
22015,10,-8,112
22017,10,-8,112
22019,13,-7,104
22021,10,-5,119
22023,20,0,104
22025,9,-3,77
22027,8,-6,55
22029,14,7,107
22031,8,-10,71
22033,13,-2,112
22035,14,-1,143
22037,10,-8,112
22039,10,-6,112
22041,9,2,55
22043,11,-10,118
22045,13,-11,121
22047,14,-5,129
22049,12,-8,123
22051,15,-5,121
22053,21,-7,121
22055,11,5,99
22057,17,-10,96
22061,8,-6,112
22063,14,-9,123
22065,10,0,55
22067,7,-10,104
22069,9,-7,135
22071,15,-4,121
22073,9,-8,112
22075,21,-3,102
22077,8,-6,112
22079,9,-7,112
22081,11,-2,119
22083,15,-7,129
22085,13,-10,112
22087,16,-5,121
22089,16,-13,121
22091,9,-7,119
22093,7,-10,104
22095,18,-5,139
22097,15,-1,139
22099,17,-9,129
22101,22,1,91
22103,18,-6,102
22105,13,-10,121
22107,8,-4,55
22109,14,-12,102
22111,16,-7,159
22113,18,-12,96
22115,12,-5,98
22117,12,-8,137
22119,8,-5,55
22121,13,-11,121
22123,8,1,55
22125,13,-11,121
22127,7,-9,119
23001,15,0,92
23003,16,4,107
23005,28,-15,112
23007,13,2,92
23009,14,8,90
23011,14,1,107
23013,17,-3,90
23015,14,4,107
23017,14,1,107
23019,14,1,107
23021,16,7,123
23023,15,1,107
23025,14,5,123
23027,13,3,107
23029,15,5,107
23031,14,2,107
24001,13,-3,100
24003,25,-21,121
24005,19,-2,129
24009,14,-12,121
24011,11,-3,92
24013,14,-11,121
24015,11,-3,80
24017,17,-15,114
24019,14,1,92
24021,27,-15,129
24023,13,3,107
24025,17,-12,129
24027,27,-22,121
24029,13,-7,90
24031,40,-33,121
24033,29,-24,121
24035,14,-6,111
24037,12,-10,121
24039,16,-5,90
24041,13,-6,89
24043,19,-2,129
24045,14,2,107
24047,17,3,110
27045,10,2,107
27047,10,-1,154
27049,10,1,107
33013,14,-1,92
33015,19,-7,112
33017,16,-7,102
33019,14,-1,77
34001,24,-9,134
34003,25,3,121
34005,14,-3,121
34007,24,-9,134
34009,16,10,100
34011,10,0,55
34013,17,5,107
34015,17,3,131
34017,29,4,131
34019,20,2,121
34021,17,-4,121
34023,21,2,131
34025,18,4,121
34027,23,0,110
34029,16,10,100
34031,15,6,107
34033,16,2,86
34035,21,-2,107
34037,14,6,107
34039,18,4,121
34041,11,1,107
35001,17,-5,121
35003,14,7,123
35005,18,0,96
35006,13,-2,136
35007,21,-2,98
35009,13,-5,123
35011,19,-8,121
35015,15,-14,106
35017,13,-1,153
35019,15,-6,102
35021,13,-3,178
35023,10,7,0
35025,21,-6,121
35027,14,2,107
35028,8,-5,38
35029,17,9,138
35031,14,-1,101
35033,15,6,123
35035,16,-5,121
35037,16,-3,112
35039,13,1,92
35041,14,-5,133
35043,15,1,111
35045,18,-1,136
35047,14,0,90
35049,11,-6,77
35051,14,-5,121
35053,17,-2,114
35055,17,-1,152
35057,12,-8,136
35059,11,-5,143
35061,15,-2,101
36001,16,3,60
36003,13,0,121
36005,26,-11,106
36007,15,-2,121
36009,13,4,123
36011,15,-2,110
36013,17,0,121
36015,17,-3,110
36017,16,-1,110
36019,11,2,107
36021,15,7,80
36023,15,-2,100
36025,11,3,107
36027,26,1,100
36029,17,-3,110
36031,17,5,107
36033,13,5,90
36035,13,3,107
36037,16,-3,90
36039,13,3,107
36041,14,9,100
36043,13,4,90
36045,19,7,120
36047,31,-13,106
36049,13,5,123
36051,13,3,107
36053,13,2,107
36055,22,2,110
36057,16,9,107
36059,25,-3,90
36061,31,-2,98
36063,17,-3,110
36065,13,3,107
36067,20,-5,100
36069,16,-2,100
36071,22,0,100
36073,15,0,121
36075,14,3,107
36077,11,3,107
36079,20,-6,100
36081,29,-3,91
36083,17,0,80
36085,27,-10,106
39137,15,7,107
39139,17,-2,121
39141,11,4,107
39143,17,0,121
39145,16,-3,106
39147,11,2,107
39149,16,-4,110
39151,19,-6,90
39153,19,-5,110
39155,11,2,107
39157,13,-4,90
39159,19,-9,100
39161,9,1,138
39163,15,5,123
39165,21,-9,90
39167,13,2,107
39169,18,-3,131
39171,15,0,107
39173,11,1,107
48379,16,6,77
48381,15,-14,133
48383,11,-3,0
48385,12,-6,111
48387,11,-3,77
48389,22,0,132
48391,19,-11,102
48393,6,-3,123
48395,15,-7,106
48397,22,-13,102
48399,23,-8,102
48401,17,-5,129
48403,13,2,107
48405,13,-5,76
48407,23,-2,144
48409,15,-9,144
48411,15,3,131
48413,9,3,55
48415,16,4,141
48417,13,-6,92
48419,24,-3,136
48421,35,-5,102
48423,24,-7,114
48425,14,2,138
48427,11,4,40
48429,10,-9,126
48431,19,-3,102
48433,12,0,77
48435,10,-13,43
48437,13,-7,102
48439,24,-14,102
48441,18,0,126
48443,8,-2,55
48445,17,7,92
48447,12,4,77
48449,23,-5,114
48451,15,-15,123
48453,31,0,126
48455,14,-11,129
48457,24,-7,114
48459,12,-5,121
48461,12,-9,93
48463,19,-7,106
48465,18,1,98
48467,20,-15,129
48469,21,-18,121
48471,11,1,141
48473,17,-2,154
48475,26,-6,137
48477,11,-2,77
48479,18,-2,112
48481,26,-4,129
48483,19,-10,80
48485,17,-6,121
48487,20,-7,114
48489,14,1,92
48491,29,-11,141
48493,14,-2,154
48495,31,0,171
48497,20,-4,121
48499,21,-7,114
48501,19,-13,104
48503,21,-13,121
48505,23,-1,137
48507,12,-1,90
49001,15,0,92
49003,17,0,92
49005,16,-6,92
49007,6,-2,92
49009,11,1,123
49011,37,-16,92
49013,19,6,112
49015,16,8,112
49017,18,2,90
49019,18,-3,100
49021,10,-1,77
49023,13,1,92
49025,10,0,92
49027,15,0,92
49029,17,-4,98
49031,12,5,123
49033,14,4,92
49035,30,-3,112
49037,11,5,123
49039,13,5,92
49041,13,5,107
49043,12,-6,112
49045,22,-9,126
49047,24,4,121
49049,15,2,77
49051,19,-3,62
49053,14,1,92
49055,14,8,83
49057,16,5,92
50001,15,5,91
50003,17,3,107
50005,13,2,107
50007,31,-19,102
50009,13,-1,110
50011,14,1,102
50013,12,5,67
50015,14,5,107
50017,13,2,107
50019,13,4,80
50021,17,-3,77
50023,13,2,80
50025,15,-9,144
50027,27,-14,112
51001,14,3,80
51003,31,-28,106
51005,11,2,107
51007,17,-7,111
51009,17,-14,102
51011,12,4,77
51013,19,-2,129
51015,31,-9,62
51017,14,3,107
51019,28,-14,92
51021,12,0,92
51023,31,-19,92
18145,13,1,92
18147,13,2,107
18149,13,2,107
18151,12,0,77
18153,16,-3,132
18155,12,5,69
18157,11,5,99
18159,11,2,92
18161,14,1,92
18163,15,-6,112
18165,12,2,107
18167,12,1,92
18169,14,2,92
18171,14,-3,77
18173,14,0,92
18175,12,1,92
18177,15,1,92
18179,12,1,92
18181,14,2,92
18183,17,6,77
19001,11,0,92
19003,11,-3,77
19005,12,5,107
19007,8,3,90
19009,8,-2,84
19011,11,2,112
19013,14,-4,132
19015,15,-7,90
19017,11,2,107
19019,11,2,107
19021,14,-4,141
19023,12,3,107
19025,10,-3,102
19027,15,-8,92
19029,11,3,92
19031,13,-4,102
19033,15,-3,81
19035,11,2,102
19037,9,-1,107
19039,13,3,107
19041,13,-5,90
19043,12,5,123
19045,11,-5,104
19047,11,3,80
19049,15,-3,82
19051,10,-3,73
19053,18,-10,122
19055,11,3,67
19057,23,-16,96
19059,9,0,75
19061,9,-1,107
19063,11,2,112
19065,10,-1,107
19067,6,-3,55
19069,14,-2,110
19071,14,2,82
19073,14,-4,83
19075,16,2,122
19077,14,6,112
19079,11,-2,92
19081,16,0,77
21155,14,6,77
21157,13,3,107
21159,14,0,55
21161,8,-1,107
21163,13,1,92
21165,11,4,107
21167,12,0,77
21169,8,0,55
21171,13,0,92
21173,18,-1,80
21175,14,3,107
21177,10,1,107
21179,13,3,92
21181,14,1,81
21183,19,-19,106
21185,16,-5,123
21187,10,-2,92
21189,13,2,112
21191,15,7,107
21193,14,1,107
21195,17,-8,129
21197,12,2,107
21199,11,1,92
21201,13,4,123
21203,10,1,92
21205,8,-2,107
21207,15,5,107
21209,8,-3,77
21211,9,-2,77
21213,13,1,77
27051,13,6,123
27053,18,-10,112
27055,12,3,107
27057,10,5,100
27059,10,4,123
27061,12,5,90
27063,9,1,107
27065,11,6,138
27067,13,3,123
27069,9,2,40
27071,12,6,90
27073,10,-1,107
27075,12,5,123
27077,14,2,90
27079,10,1,123
27081,6,1,55
27083,13,2,107
27085,10,2,80
27087,13,5,138
27089,10,4,123
27091,11,2,107
27093,11,4,123
27095,11,6,138
27097,10,2,55
27099,16,0,110
40025,10,-5,111
40027,24,-6,103
40029,10,-6,104
40031,24,-7,91
40033,20,-10,106
40035,12,-6,110
40037,29,-7,114
40039,17,0,107
40041,14,-4,71
40043,4,-4,25
40045,6,-6,40
40047,17,-10,83
40049,14,-11,109
40051,16,-13,121
40053,16,-5,110
40055,19,-2,92
40057,14,-3,62
40059,12,-5,47
40061,8,-8,86
40063,16,-4,119
40065,8,-5,92
40067,12,-4,141
40069,13,-9,104
40071,13,-3,51
40073,6,0,62
40075,11,-3,62
40077,15,-13,108
40079,12,-7,92
40081,15,-8,102
40083,16,-15,114
40085,12,0,51
40087,14,-7,102
40089,10,-10,119
40091,10,-6,104
40093,22,-17,66
40095,16,6,92
40097,20,-12,92
40099,20,-13,101
40101,14,-5,91
40103,19,-20,121
40105,16,-11,92
40107,15,-1,104
40109,19,-13,75
40111,27,-10,108
40113,19,-17,114
40115,10,2,62
40117,23,-26,96
40119,13,-11,121
40121,9,-1,37
40123,22,0,103
40125,13,-8,84
40127,15,-6,122
40129,4,-4,40
40131,29,-2,75
40133,11,-1,89
40135,23,-9,121
40137,27,-38,95
40139,8,-9,82
40141,12,0,104
40143,19,-13,75
40145,14,-10,91
40147,14,-10,75
40149,12,-14,86
40151,15,-10,114
40153,16,-6,56
41001,14,4,107
41003,5,4,111
41005,21,-2,112
41007,14,3,112
41009,16,-6,112
41011,16,7,92
41013,10,2,107
41015,14,4,80
41017,14,8,107
41019,17,8,107
41021,10,0,112
41023,20,11,90
41025,11,2,123
41027,14,3,107
41029,14,7,107
41031,11,3,107
41033,11,7,107
41035,10,3,107
41037,11,4,80
41039,12,-8,112
41041,15,4,112
41043,19,-6,112
41045,12,4,107
41047,16,1,92
41049,15,-5,121
41051,25,-20,112
41053,14,-6,112
41055,18,-2,122
41057,14,2,112
41059,14,-2,122
41061,14,3,107
41063,11,0,80
41065,13,8,107
41067,24,-14,102
41069,13,4,112
41071,14,-4,122
42001,11,3,77
42003,18,-5,114
42005,12,6,123
42007,11,5,107
42009,13,7,123
42011,11,3,77
42013,10,2,107
42015,12,2,107
42017,14,2,77
42019,11,5,107
42021,11,1,110
42023,8,0,55
42025,15,1,130
42027,10,-4,101
42029,19,-5,129
46037,6,-6,111
46039,12,5,92
46041,11,-9,112
46043,15,-4,75
27101,13,4,123
27103,14,-5,90
27105,14,4,92
27107,13,4,123
27109,15,-6,90
27111,17,11,123
27113,10,3,123
27115,8,1,55
27117,10,0,123
27119,10,-1,107
27121,10,1,123
27123,20,-10,123
27125,12,5,123
27127,6,-1,107
27129,10,1,55
27131,9,2,107
27133,12,1,107
27135,15,-2,132
27137,14,2,107
27139,6,-2,92
27141,10,-1,107
27143,10,4,90
27145,10,-1,107
27147,10,-1,107
27149,9,0,107
27151,12,1,55
27153,16,10,123
27155,12,4,123
27157,10,0,123
27159,11,5,123
27161,10,3,123
27163,13,-2,92
27165,12,3,107
27167,9,-1,107
27169,11,-6,132
27171,7,-1,107
27173,11,3,107
28001,11,-5,122
28003,20,-1,123
28005,15,-5,181
28007,13,0,92
28009,10,-3,117
28011,10,-2,102
28013,9,-6,135
28015,14,-5,111
28017,11,-8,123
28019,12,4,55
28021,15,-5,139
28023,10,-6,101
28025,11,-7,119
28027,13,3,117
29105,7,3,55
29107,13,7,107
29109,10,-11,104
29111,10,5,107
29113,13,5,107
29115,11,-1,122
29117,17,-4,122
29119,13,-5,135
29121,10,3,107
29123,15,-7,80
29125,8,4,107
29127,11,4,112
29129,18,8,110
29131,7,-2,55
29133,13,-3,104
29135,14,-2,122
29137,13,-2,80
29139,16,7,107
29141,11,2,138
31041,17,1,77
31043,10,-5,132
31045,12,-7,114
31047,9,-3,77
31049,9,3,92
31051,11,-5,102
31053,13,-2,77
31055,15,-9,102
31057,17,-7,110
31059,21,-9,84
31061,14,-1,71
31063,14,-8,121
31065,14,4,77
31067,12,7,77
31069,16,1,104
31071,11,-7,80
31073,11,-3,77
31075,6,-3,72
31077,14,-1,140
31079,11,4,58
31081,11,-2,61
31083,14,0,92
31085,13,-8,121
31087,13,1,77
31089,11,0,77
31091,12,-3,110
31093,15,-5,104
31095,9,-3,77
31097,9,-8,102
31099,24,-3,121
31101,16,5,77
31103,10,0,77
31105,17,-9,102
31107,11,3,112
31109,19,-5,106
31111,19,-5,106
31113,12,-1,98
31115,7,3,89
31117,22,-1,129
31119,11,-3,92
31121,14,0,100
31123,13,-1,102
31125,11,2,92
31127,15,3,101
32031,9,-3,92
32033,15,6,92
32510,17,8,92
33001,15,1,91
33003,14,1,71
33005,16,-6,112
33007,13,2,107
33009,18,-4,77
33011,16,-2,92
39175,11,-2,89
40001,17,-10,114
40003,9,-7,102
40005,10,-7,104
40007,10,-5,111
40009,15,-21,56
40011,15,-2,143
40013,17,-16,106
40015,11,0,107
40017,22,-7,91
40019,18,-18,71
40021,13,-11,97
40023,13,-10,129
46045,11,1,108
46047,13,4,60
46049,13,-4,61
46051,12,4,81
46053,13,4,92
46055,21,-12,112
46057,12,5,80
46059,17,3,62
46061,16,2,123
46063,15,1,62
46065,10,1,92
46067,12,2,71
46069,10,-1,51
46071,11,11,190
46073,15,0,62
46075,9,0,92
46077,15,-4,90
46079,16,-6,91
46081,9,4,65
46083,15,-4,62
46085,13,-1,110
46087,10,1,102
46089,10,-2,92
46091,12,5,84
46093,17,-9,52
46095,16,-7,114
46097,15,1,61
46099,14,2,81
46101,14,1,122
46102,14,-13,114
46103,15,-2,62
46105,14,-1,62
46107,13,-1,62
46109,13,3,107
46111,14,3,72
46115,12,1,92
46117,16,-3,110
46119,14,-1,51
46121,11,-3,187
46123,13,-1,62
46125,15,-1,83
46127,21,-11,92
46129,11,3,107
46135,14,-1,51
46137,10,-10,92
47001,18,-1,68
47003,6,-4,62
47005,12,3,89
47007,11,0,77
47009,13,2,77
47011,15,-2,111
47013,17,0,89
47015,16,5,49
47017,17,1,97
47019,18,4,101
47021,27,-14,80
47023,14,1,100
47025,12,0,101
47027,13,3,102
47029,13,4,107
47031,13,-5,60
47033,17,1,120
47035,8,1,123
47037,14,-11,80
47039,8,2,55
47041,20,6,125
47043,13,-3,62
47045,17,-7,90
47047,22,-7,105
47049,11,4,123
47051,14,-11,80
47053,16,0,77
47055,14,10,123
47057,10,0,107
47059,12,3,92
47061,18,2,101
47063,12,6,77
47065,16,-1,90
47067,11,5,77
47069,17,15,55
47071,13,3,107
47073,17,8,107
47075,12,-1,62
47077,13,7,92
47079,16,-1,107
48371,21,1,133
48373,19,0,122
48375,20,-13,114
48377,16,2,86
51025,17,4,77
51027,14,4,117
51029,16,-2,121
51031,18,-8,102
51033,25,9,77
51035,13,-2,132
51036,11,2,77
51037,18,2,77
54003,13,-1,77
54005,7,-1,107
54007,10,2,55
54009,13,1,92
54011,14,-8,102
54013,14,7,55
54015,9,2,55
54017,16,1,86
54019,11,4,123
54021,10,-2,55
54023,11,2,107
54025,12,4,107
54027,13,1,92
54029,19,-8,97
54031,12,2,92
54033,11,1,107
54035,10,0,55
54037,13,-4,77
54039,12,-2,92
54041,10,0,55
54043,17,2,110
54045,9,-1,92
54047,7,0,123
54049,12,-2,92
54051,9,0,55
54053,12,0,121
54055,13,-3,106
54057,8,0,55
54059,10,1,123
54061,16,-5,90
54063,11,3,123
54065,15,5,92
54067,12,4,138
54069,16,1,132
54071,9,0,123
54073,9,0,55
54075,12,1,83
54077,12,2,107
54079,11,-2,92
54081,15,3,107
54083,10,1,55
54085,17,11,55
54087,3,-3,55
54089,13,4,107
54091,11,1,107
54093,13,4,123
54095,8,0,55
54097,8,0,55
54099,10,2,107
54101,12,3,190
54103,9,0,55
54105,8,1,55
54107,11,1,107
54109,9,-7,107
55001,16,-2,133
55003,13,1,67
55005,13,4,81
55007,13,5,75
55009,11,-1,92
55011,12,4,99
55013,10,4,92
55015,6,-3,77
55017,10,-1,92
55019,13,3,107
55021,12,2,81
55023,7,0,55
55025,7,-4,82
55027,9,-3,102
55029,15,7,92
55031,11,-1,107
55033,10,-1,81
55035,11,-8,112
55037,11,1,58
55039,11,0,102
55041,7,-1,81
55043,13,-3,122
55045,11,-1,92
55047,13,3,81
55049,12,2,81
55051,11,0,81
55053,10,0,99
55055,12,0,102
55057,12,3,92
55059,11,0,77
31129,9,-3,92
31131,9,-1,92
31133,8,-3,75
31135,9,-4,77
31137,18,-1,90
31139,11,1,77
31141,19,-10,102
31143,9,-5,86
31145,7,-3,77
31147,14,-4,112
31149,12,3,77
31151,15,0,141
31153,24,-8,90
31155,15,-4,82
31157,13,0,77
31159,14,-10,112
31161,8,2,92
31163,8,-1,40
31165,13,1,110
31167,8,-2,61
31169,12,-1,77
31171,11,1,107
31173,16,-1,132
31175,9,-3,77
31177,11,-1,77
31179,15,-6,121
31181,12,-11,100
31183,11,-3,111
31185,10,-4,77
32001,16,2,92
32003,44,20,77
32005,20,6,107
32007,15,1,92
32009,17,9,148
32011,10,8,99
32013,20,9,92
32015,15,3,107
32017,13,2,92
32019,12,2,107
32021,23,0,100
32023,13,-6,77
32027,10,4,107
32029,14,4,107
51041,44,-13,121
51043,22,-8,62
51045,16,-7,102
51047,19,-1,77
51049,19,0,101
51051,13,9,107
51053,16,-2,77
51057,14,2,92
51059,56,-30,112
51061,27,-8,62
51063,17,-7,129
51065,21,-10,100
51067,20,3,77
51069,27,-15,129
51071,10,2,107
51073,19,-4,62
51075,31,-5,62
51077,11,1,107
51079,24,-11,100
51081,13,5,77
51083,17,-8,102
51085,40,-15,121
51087,67,-20,62
51089,12,-1,77
51091,15,6,123
51093,25,-9,100
51095,18,-3,111
51097,22,1,62
51099,16,-2,62
51101,24,-4,62
51103,15,3,107
51105,12,-2,55
51107,56,-30,144