"date","sahm","recession","category","value"
1992-01-01,0.93,0,"Bachelors",NA
1992-01-01,0.93,0,"No Highschool",NA
1992-02-01,0.9,0,"Bachelors",NA
1992-02-01,0.9,0,"No Highschool",NA
1992-03-01,0.77,0,"Bachelors",NA
1992-03-01,0.77,0,"No Highschool",NA
1992-04-01,0.67,0,"Bachelors",NA
1992-04-01,0.67,0,"No Highschool",NA
1992-05-01,0.63,0,"Bachelors",NA
1992-05-01,0.63,0,"No Highschool",NA
1992-06-01,0.73,0,"Bachelors",NA
1992-06-01,0.73,0,"No Highschool",NA
1992-07-01,0.87,0,"Bachelors",NA
1992-07-01,0.87,0,"No Highschool",NA
1992-08-01,0.9,0,"Bachelors",NA
1992-08-01,0.9,0,"No Highschool",NA
1992-09-01,0.8,0,"Bachelors",NA
1992-09-01,0.8,0,"No Highschool",NA
1992-10-01,0.67,0,"Bachelors",NA
1992-10-01,0.67,0,"No Highschool",NA
1992-11-01,0.5,0,"Bachelors",NA
1992-11-01,0.5,0,"No Highschool",NA
1992-12-01,0.37,0,"Bachelors",NA
1992-12-01,0.37,0,"No Highschool",NA
1993-01-01,0.2,0,"Bachelors",NA
1993-01-01,0.2,0,"No Highschool",NA
1993-02-01,-0.03,0,"Bachelors",NA
1993-02-01,-0.03,0,"No Highschool",NA
1993-03-01,-0.1,0,"Bachelors",0.1
1993-03-01,-0.1,0,"No Highschool",0.0333333333333332
1993-04-01,-0.03,0,"Bachelors",0.1
1993-04-01,-0.03,0,"No Highschool",-0.0333333333333332
1993-05-01,-0.03,0,"Bachelors",0.0333333333333332
1993-05-01,-0.03,0,"No Highschool",-0.0999999999999996
1993-06-01,0,0,"Bachelors",-0.0666666666666664
1993-06-01,0,0,"No Highschool",0.0999999999999996
1993-07-01,-0.07,0,"Bachelors",-0.133333333333333
1993-07-01,-0.07,0,"No Highschool",-0.0666666666666682
1993-08-01,-0.07,0,"Bachelors",-0.133333333333334
1993-08-01,-0.07,0,"No Highschool",-0.0999999999999979
1993-09-01,-0.1,0,"Bachelors",-0.0333333333333332
1993-09-01,-0.1,0,"No Highschool",-0.166666666666668
1993-10-01,0,0,"Bachelors",0.0333333333333332
1993-10-01,0,0,"No Highschool",0.0999999999999996
1993-11-01,-0.1,0,"Bachelors",0.133333333333333
1993-11-01,-0.1,0,"No Highschool",0.0999999999999996
1993-12-01,-0.1,0,"Bachelors",0.133333333333333
1993-12-01,-0.1,0,"No Highschool",0.200000000000001
1994-01-01,0,0,"Bachelors",0.133333333333333
1994-01-01,0,0,"No Highschool",0.200000000000001
1994-02-01,0,0,"Bachelors",0.0999999999999996
1994-02-01,0,0,"No Highschool",0.166666666666668
1994-03-01,0.03,0,"Bachelors",0.0999999999999996
1994-03-01,0.03,0,"No Highschool",0
1994-04-01,-0.07,0,"Bachelors",-0.0333333333333337
1994-04-01,-0.07,0,"No Highschool",-0.199999999999999
1994-05-01,-0.17,0,"Bachelors",-0.0999999999999996
1994-05-01,-0.17,0,"No Highschool",-0.366666666666667
1994-06-01,-0.17,0,"Bachelors",-0.0666666666666664
1994-06-01,-0.17,0,"No Highschool",-0.266666666666666
1994-07-01,-0.1,0,"Bachelors",0.0666666666666664
1994-07-01,-0.1,0,"No Highschool",-0.100000000000001
1994-08-01,0.03,0,"Bachelors",0.0666666666666664
1994-08-01,0.03,0,"No Highschool",0.166666666666668
1994-09-01,0,0,"Bachelors",0.0333333333333332
1994-09-01,0,0,"No Highschool",0.133333333333335
1994-10-01,-0.1,0,"Bachelors",-0.0666666666666669
1994-10-01,-0.1,0,"No Highschool",0.100000000000001
1994-11-01,-0.17,0,"Bachelors",-0.0666666666666664
1994-11-01,-0.17,0,"No Highschool",-0.0999999999999996
1994-12-01,-0.13,0,"Bachelors",-0.0666666666666673
1994-12-01,-0.13,0,"No Highschool",-0.366666666666667
1995-01-01,0,0,"Bachelors",0
1995-01-01,0,0,"No Highschool",-0.166666666666666
1995-02-01,-0.07,0,"Bachelors",0
1995-02-01,-0.07,0,"No Highschool",-0.0999999999999996
1995-03-01,0.03,0,"Bachelors",0.0666666666666673
1995-03-01,0.03,0,"No Highschool",-0.166666666666666
1995-04-01,0.07,0,"Bachelors",0.166666666666667
1995-04-01,0.07,0,"No Highschool",-0.133333333333333
1995-05-01,0.17,0,"Bachelors",0.233333333333334
1995-05-01,0.17,0,"No Highschool",-0.0666666666666682
1995-06-01,0.2,0,"Bachelors",0.266666666666667
1995-06-01,0.2,0,"No Highschool",0.233333333333333
1995-07-01,0.17,0,"Bachelors",0.200000000000001
1995-07-01,0.17,0,"No Highschool",0.299999999999999
1995-08-01,0.13,0,"Bachelors",0.200000000000001
1995-08-01,0.13,0,"No Highschool",0.566666666666666
1995-09-01,0.13,0,"Bachelors",0.133333333333334
1995-09-01,0.13,0,"No Highschool",0.700000000000001
1995-10-01,0.07,0,"Bachelors",0.100000000000001
1995-10-01,0.07,0,"No Highschool",0.733333333333333
1995-11-01,0.07,0,"Bachelors",0.0333333333333337
1995-11-01,0.07,0,"No Highschool",0.666666666666666
1995-12-01,0.07,0,"Bachelors",0.0333333333333337
1995-12-01,0.07,0,"No Highschool",0.700000000000001
1996-01-01,0.17,0,"Bachelors",0.0333333333333337
1996-01-01,0.17,0,"No Highschool",0.566666666666666
1996-02-01,0.13,0,"Bachelors",0.0333333333333337
1996-02-01,0.13,0,"No Highschool",0.433333333333332
1996-03-01,0.1,0,"Bachelors",-0.0666666666666669
1996-03-01,0.1,0,"No Highschool",0.433333333333332
1996-04-01,-0.03,0,"Bachelors",-0.0333333333333332
1996-04-01,-0.03,0,"No Highschool",0.566666666666666
1996-05-01,0.03,0,"Bachelors",0
1996-05-01,0.03,0,"No Highschool",0.833333333333334
1996-06-01,-0.07,0,"Bachelors",0
1996-06-01,-0.07,0,"No Highschool",0.4
1996-07-01,0,0,"Bachelors",-0.0333333333333332
1996-07-01,0,0,"No Highschool",0.233333333333334
1996-08-01,-0.17,0,"Bachelors",-0.0666666666666664
1996-08-01,-0.17,0,"No Highschool",-0.299999999999999
1996-09-01,-0.03,0,"Bachelors",0
1996-09-01,-0.03,0,"No Highschool",-0.133333333333333
1996-10-01,-0.07,0,"Bachelors",0
1996-10-01,-0.07,0,"No Highschool",-0.333333333333334
1996-11-01,0.1,0,"Bachelors",0.0666666666666664
1996-11-01,0.1,0,"No Highschool",-0.0333333333333332
1996-12-01,0.07,0,"Bachelors",0.0999999999999996
1996-12-01,0.07,0,"No Highschool",0.0333333333333332
1997-01-01,0.13,0,"Bachelors",0.0666666666666664
1997-01-01,0.13,0,"No Highschool",0.366666666666667
1997-02-01,0.13,0,"Bachelors",0
1997-02-01,0.13,0,"No Highschool",0.500000000000002
1997-03-01,0.1,0,"Bachelors",-0.1
1997-03-01,0.1,0,"No Highschool",0.500000000000002
1997-04-01,-0.07,0,"Bachelors",-0.0333333333333332
1997-04-01,-0.07,0,"No Highschool",0.366666666666667
1997-05-01,-0.17,0,"Bachelors",0.0333333333333332
1997-05-01,-0.17,0,"No Highschool",0.266666666666667
1997-06-01,-0.07,0,"Bachelors",0.0333333333333332
1997-06-01,-0.07,0,"No Highschool",0.233333333333334
1997-07-01,-0.03,0,"Bachelors",0.0666666666666664
1997-07-01,-0.03,0,"No Highschool",0
1997-08-01,0.03,0,"Bachelors",0.0333333333333332
1997-08-01,0.03,0,"No Highschool",-0.3
1997-09-01,0,0,"Bachelors",0.0666666666666664
1997-09-01,0,0,"No Highschool",-0.0666666666666664
1997-10-01,-0.03,0,"Bachelors",0
1997-10-01,-0.03,0,"No Highschool",0.0333333333333332
1997-11-01,-0.1,0,"Bachelors",-0.133333333333334
1997-11-01,-0.1,0,"No Highschool",-0.0333333333333332
1997-12-01,-0.07,0,"Bachelors",-0.1
1997-12-01,-0.07,0,"No Highschool",-0.166666666666667
1998-01-01,-0.03,0,"Bachelors",0
1998-01-01,-0.03,0,"No Highschool",-0.266666666666667
1998-02-01,0,0,"Bachelors",0.0666666666666667
1998-02-01,0,0,"No Highschool",-0.0999999999999996
1998-03-01,0,0,"Bachelors",0.0666666666666667
1998-03-01,0,0,"No Highschool",-0.133333333333334
1998-04-01,-0.13,0,"Bachelors",0
1998-04-01,-0.13,0,"No Highschool",0.0666666666666664
1998-05-01,-0.1,0,"Bachelors",-0.0666666666666664
1998-05-01,-0.1,0,"No Highschool",0.0333333333333341
1998-06-01,-0.07,0,"Bachelors",-0.0333333333333337
1998-06-01,-0.07,0,"No Highschool",0.0666666666666664
1998-07-01,0.07,0,"Bachelors",0
1998-07-01,0.07,0,"No Highschool",0.0666666666666664
1998-08-01,0.13,0,"Bachelors",0.0333333333333337
1998-08-01,0.13,0,"No Highschool",0.100000000000001
1998-09-01,0.17,0,"Bachelors",0.0333333333333337
1998-09-01,0.17,0,"No Highschool",0
1998-10-01,0.2,0,"Bachelors",0.1
1998-10-01,0.2,0,"No Highschool",-0.100000000000001
1998-11-01,0.17,0,"Bachelors",0.133333333333334
1998-11-01,0.17,0,"No Highschool",0
1998-12-01,0,0,"Bachelors",0.166666666666667
1998-12-01,0,0,"No Highschool",0
1999-01-01,-0.07,0,"Bachelors",0.133333333333334
1999-01-01,-0.07,0,"No Highschool",0.0666666666666682
1999-02-01,0,0,"Bachelors",0.133333333333334
1999-02-01,0,0,"No Highschool",0.200000000000001
1999-03-01,-0.03,0,"Bachelors",0.166666666666667
1999-03-01,-0.03,0,"No Highschool",-0.0666666666666664
1999-04-01,0,0,"Bachelors",0.233333333333333
1999-04-01,0,0,"No Highschool",-0.0666666666666664
1999-05-01,-0.07,0,"Bachelors",0.233333333333333
1999-05-01,-0.07,0,"No Highschool",-0.233333333333333
1999-06-01,0.03,0,"Bachelors",0.266666666666667
1999-06-01,0.03,0,"No Highschool",0.233333333333333
1999-07-01,0.03,0,"Bachelors",0.2
1999-07-01,0.03,0,"No Highschool",0.233333333333333
1999-08-01,0.03,0,"Bachelors",0.0666666666666667
1999-08-01,0.03,0,"No Highschool",0.333333333333333
1999-09-01,0,0,"Bachelors",-0.0333333333333332
1999-09-01,0,0,"No Highschool",0.366666666666665
1999-10-01,-0.07,0,"Bachelors",-0.0333333333333337
1999-10-01,-0.07,0,"No Highschool",0.266666666666667
1999-11-01,-0.03,0,"Bachelors",0.0333333333333332
1999-11-01,-0.03,0,"No Highschool",0.0333333333333323
1999-12-01,-0.03,0,"Bachelors",0.0333333333333332
1999-12-01,-0.03,0,"No Highschool",-0.333333333333334
2000-01-01,-0.03,0,"Bachelors",0.0666666666666669
2000-01-01,-0.03,0,"Masters",NA
2000-01-01,-0.03,0,"No Highschool",-0.0666666666666664
2000-02-01,0,0,"Bachelors",0.0333333333333337
2000-02-01,0,0,"Masters",NA
2000-02-01,0,0,"No Highschool",-0.133333333333334
2000-03-01,0,0,"Bachelors",0.0333333333333337
2000-03-01,0,0,"Masters",NA
2000-03-01,0,0,"No Highschool",0.266666666666667
2000-04-01,-0.03,0,"Bachelors",-0.0666666666666667
2000-04-01,-0.03,0,"Masters",NA
2000-04-01,-0.03,0,"No Highschool",0.2
2000-05-01,0,0,"Bachelors",0
2000-05-01,0,0,"Masters",NA
2000-05-01,0,0,"No Highschool",0.5
2000-06-01,-0.03,0,"Bachelors",-0.0333333333333332
2000-06-01,-0.03,0,"Masters",NA
2000-06-01,-0.03,0,"No Highschool",0.399999999999999
2000-07-01,0.03,0,"Bachelors",0.0666666666666667
2000-07-01,0.03,0,"Masters",NA
2000-07-01,0.03,0,"No Highschool",0.466666666666668
2000-08-01,0.03,0,"Bachelors",0.166666666666667
2000-08-01,0.03,0,"Masters",NA
2000-08-01,0.03,0,"No Highschool",0.233333333333333
2000-09-01,0,0,"Bachelors",0.266666666666667
2000-09-01,0,0,"Masters",NA
2000-09-01,0,0,"No Highschool",0.2
2000-10-01,-0.03,0,"Bachelors",0.233333333333333
2000-10-01,-0.03,0,"Masters",NA
2000-10-01,-0.03,0,"No Highschool",0.2
2000-11-01,-0.03,0,"Bachelors",0.0999999999999999
2000-11-01,-0.03,0,"Masters",NA
2000-11-01,-0.03,0,"No Highschool",0.300000000000001
2000-12-01,0.03,0,"Bachelors",-0.0333333333333332
2000-12-01,0.03,0,"Masters",NA
2000-12-01,0.03,0,"No Highschool",0.2
2001-01-01,0.13,0,"Bachelors",0
2001-01-01,0.13,0,"Masters",NA
2001-01-01,0.13,0,"No Highschool",0.300000000000001
2001-02-01,0.2,0,"Bachelors",0.0333333333333332
2001-02-01,0.2,0,"Masters",NA
2001-02-01,0.2,0,"No Highschool",0.633333333333334
2001-03-01,0.3,0,"Bachelors",0.2
2001-03-01,0.3,0,"Masters",0.333333333333333
2001-03-01,0.3,0,"No Highschool",0.733333333333333
2001-04-01,0.4,1,"Bachelors",0.366666666666666
2001-04-01,0.4,1,"Masters",0.366666666666667
2001-04-01,0.4,1,"No Highschool",0.766666666666667
2001-05-01,0.47,1,"Bachelors",0.533333333333333
2001-05-01,0.47,1,"Masters",0.366666666666667
2001-05-01,0.47,1,"No Highschool",0.466666666666667
2001-06-01,0.53,1,"Bachelors",0.6
2001-06-01,0.53,1,"Masters",0.5
2001-06-01,0.53,1,"No Highschool",0.5
2001-07-01,0.53,1,"Bachelors",0.633333333333333
2001-07-01,0.53,1,"Masters",0.8
2001-07-01,0.53,1,"No Highschool",0.5
2001-08-01,0.7,1,"Bachelors",0.7
2001-08-01,0.7,1,"Masters",1.13333333333333
2001-08-01,0.7,1,"No Highschool",0.699999999999999
2001-09-01,0.83,1,"Bachelors",0.8
2001-09-01,0.83,1,"Masters",1.26666666666667
2001-09-01,0.83,1,"No Highschool",0.966666666666667
2001-10-01,1.13,1,"Bachelors",0.933333333333333
2001-10-01,1.13,1,"Masters",1.2
2001-10-01,1.13,1,"No Highschool",1.23333333333333
2001-11-01,1.4,1,"Bachelors",1.13333333333333
2001-11-01,1.4,1,"Masters",1.16666666666667
2001-11-01,1.4,1,"No Highschool",1.5
2001-12-01,1.63,0,"Bachelors",1.3
2001-12-01,1.63,0,"Masters",1.06666666666667
2001-12-01,1.63,0,"No Highschool",1.7
2002-01-01,1.6,0,"Bachelors",1.4
2002-01-01,1.6,0,"Masters",1.1
2002-01-01,1.6,0,"No Highschool",1.8
2002-02-01,1.5,0,"Bachelors",1.36666666666667
2002-02-01,1.5,0,"Masters",0.966666666666667
2002-02-01,1.5,0,"No Highschool",1.56666666666667
2002-03-01,1.37,0,"Bachelors",1.13333333333333
2002-03-01,1.37,0,"Masters",0.766666666666667
2002-03-01,1.37,0,"No Highschool",1.46666666666667
2002-04-01,1.4,0,"Bachelors",0.966666666666666
2002-04-01,1.4,0,"Masters",0.666666666666667
2002-04-01,1.4,0,"No Highschool",1.76666666666667
2002-05-01,1.43,0,"Bachelors",0.799999999999999
2002-05-01,1.43,0,"Masters",0.7
2002-05-01,1.43,0,"No Highschool",1.76666666666667
2002-06-01,1.4,0,"Bachelors",0.8
2002-06-01,1.4,0,"Masters",0.966666666666667
2002-06-01,1.4,0,"No Highschool",1.63333333333333
2002-07-01,1.33,0,"Bachelors",0.8
2002-07-01,1.33,0,"Masters",1
2002-07-01,1.33,0,"No Highschool",1.46666666666667
2002-08-01,1.13,0,"Bachelors",0.7
2002-08-01,1.13,0,"Masters",1.26666666666667
2002-08-01,1.13,0,"No Highschool",1.3
2002-09-01,0.9,0,"Bachelors",0.566666666666667
2002-09-01,0.9,0,"Masters",1.33333333333333
2002-09-01,0.9,0,"No Highschool",1.03333333333333
2002-10-01,0.57,0,"Bachelors",0.433333333333334
2002-10-01,0.57,0,"Masters",1.03333333333333
2002-10-01,0.57,0,"No Highschool",0.799999999999999
2002-11-01,0.43,0,"Bachelors",0.266666666666667
2002-11-01,0.43,0,"Masters",0.666666666666667
2002-11-01,0.43,0,"No Highschool",0.733333333333333
2002-12-01,0.3,0,"Bachelors",0.0999999999999996
2002-12-01,0.3,0,"Masters",0.466666666666667
2002-12-01,0.3,0,"No Highschool",0.900000000000001
2003-01-01,0.23,0,"Bachelors",0.0666666666666673
2003-01-01,0.23,0,"Masters",0.433333333333334
2003-01-01,0.23,0,"No Highschool",0.733333333333334
2003-02-01,0.2,0,"Bachelors",0.100000000000001
2003-02-01,0.2,0,"Masters",0.3
2003-02-01,0.2,0,"No Highschool",0.666666666666666
2003-03-01,0.13,0,"Bachelors",0.166666666666667
2003-03-01,0.13,0,"Masters",0.2
2003-03-01,0.13,0,"No Highschool",0.566666666666666
2003-04-01,0.13,0,"Bachelors",0.166666666666667
2003-04-01,0.13,0,"Masters",0.333333333333333
2003-04-01,0.13,0,"No Highschool",0.433333333333334
2003-05-01,0.2,0,"Bachelors",0.166666666666667
2003-05-01,0.2,0,"Masters",0.533333333333333
2003-05-01,0.2,0,"No Highschool",0.466666666666669
2003-06-01,0.4,0,"Bachelors",0.133333333333333
2003-06-01,0.4,0,"Masters",0.733333333333334
2003-06-01,0.4,0,"No Highschool",0.733333333333334
2003-07-01,0.47,0,"Bachelors",0.166666666666667
2003-07-01,0.47,0,"Masters",0.8
2003-07-01,0.47,0,"No Highschool",0.833333333333336
2003-08-01,0.47,0,"Bachelors",0.233333333333333
2003-08-01,0.47,0,"Masters",0.9
2003-08-01,0.47,0,"No Highschool",0.899999999999999
2003-09-01,0.37,0,"Bachelors",0.266666666666667
2003-09-01,0.37,0,"Masters",0.766666666666667
2003-09-01,0.37,0,"No Highschool",0.633333333333333
2003-10-01,0.3,0,"Bachelors",0.266666666666667
2003-10-01,0.3,0,"Masters",0.4
2003-10-01,0.3,0,"No Highschool",0.666666666666668
2003-11-01,0.23,0,"Bachelors",0.2
2003-11-01,0.23,0,"Masters",0.166666666666667
2003-11-01,0.23,0,"No Highschool",0.266666666666666
2003-12-01,0.03,0,"Bachelors",0.133333333333333
2003-12-01,0.03,0,"Masters",-0.0333333333333332
2003-12-01,0.03,0,"No Highschool",-0.133333333333333
2004-01-01,-0.1,0,"Bachelors",0.0666666666666669
2004-01-01,-0.1,0,"Masters",0.166666666666667
2004-01-01,-0.1,0,"No Highschool",0.0333333333333332
2004-02-01,-0.1,0,"Bachelors",-0.0333333333333332
2004-02-01,-0.1,0,"Masters",0.266666666666667
2004-02-01,-0.1,0,"No Highschool",0
2004-03-01,0,0,"Bachelors",-0.0333333333333332
2004-03-01,0,0,"Masters",0.2
2004-03-01,0,0,"No Highschool",0.300000000000001
2004-04-01,0,0,"Bachelors",0
2004-04-01,0,0,"Masters",0.0666666666666664
2004-04-01,0,0,"No Highschool",0.133333333333333
2004-05-01,0,0,"Bachelors",0
2004-05-01,0,0,"Masters",0
2004-05-01,0,0,"No Highschool",0.200000000000001
2004-06-01,-0.03,0,"Bachelors",-0.0666666666666664
2004-06-01,-0.03,0,"Masters",0.1
2004-06-01,-0.03,0,"No Highschool",0.166666666666668
2004-07-01,-0.03,0,"Bachelors",-0.100000000000001
2004-07-01,-0.03,0,"Masters",0.3
2004-07-01,-0.03,0,"No Highschool",0.0333333333333332
2004-08-01,-0.07,0,"Bachelors",-0.0666666666666664
2004-08-01,-0.07,0,"Masters",0.4
2004-08-01,-0.07,0,"No Highschool",-0.199999999999999
2004-09-01,-0.07,0,"Bachelors",-0.0333333333333332
2004-09-01,-0.07,0,"Masters",0.333333333333333
2004-09-01,-0.07,0,"No Highschool",0
2004-10-01,0,0,"Bachelors",-0.0333333333333337
2004-10-01,0,0,"Masters",0.0666666666666669
2004-10-01,0,0,"No Highschool",0.0666666666666664
2004-11-01,0,0,"Bachelors",-0.0666666666666664
2004-11-01,0,0,"Masters",-0.2
2004-11-01,0,0,"No Highschool",0.0333333333333332
2004-12-01,0,0,"Bachelors",-0.0333333333333337
2004-12-01,0,0,"Masters",-0.2
2004-12-01,0,0,"No Highschool",-0.166666666666668
2005-01-01,-0.1,0,"Bachelors",-0.0333333333333332
2005-01-01,-0.1,0,"Masters",0
2005-01-01,-0.1,0,"No Highschool",-0.233333333333333
2005-02-01,0,0,"Bachelors",-0.0333333333333332
2005-02-01,0,0,"Masters",-0.0333333333333332
2005-02-01,0,0,"No Highschool",-0.0666666666666664
2005-03-01,-0.07,0,"Bachelors",-0.0333333333333332
2005-03-01,-0.07,0,"Masters",0.0333333333333332
2005-03-01,-0.07,0,"No Highschool",-0.100000000000001
2005-04-01,0,0,"Bachelors",0
2005-04-01,0,0,"Masters",0
2005-04-01,0,0,"No Highschool",0.166666666666666
2005-05-01,-0.1,0,"Bachelors",0
2005-05-01,-0.1,0,"Masters",-0.133333333333334
2005-05-01,-0.1,0,"No Highschool",0.166666666666666
2005-06-01,-0.07,0,"Bachelors",-0.0333333333333337
2005-06-01,-0.07,0,"Masters",0.0333333333333334
2005-06-01,-0.07,0,"No Highschool",-0.133333333333334
2005-07-01,-0.07,0,"Bachelors",-0.0333333333333337
2005-07-01,-0.07,0,"Masters",0.3
2005-07-01,-0.07,0,"No Highschool",-0.233333333333333
2005-08-01,-0.07,0,"Bachelors",-0.0999999999999996
2005-08-01,-0.07,0,"Masters",0.6
2005-08-01,-0.07,0,"No Highschool",-0.0999999999999996
2005-09-01,0.03,0,"Bachelors",0
2005-09-01,0.03,0,"Masters",0.633333333333334
2005-09-01,0.03,0,"No Highschool",0.433333333333334
2005-10-01,0.03,0,"Bachelors",0
2005-10-01,0.03,0,"Masters",0.4
2005-10-01,0.03,0,"No Highschool",0.366666666666667
2005-11-01,0.07,0,"Bachelors",0.0666666666666664
2005-11-01,0.07,0,"Masters",0.0666666666666667
2005-11-01,0.07,0,"No Highschool",0.333333333333333
2005-12-01,-0.03,0,"Bachelors",0
2005-12-01,-0.03,0,"Masters",-0.1
2005-12-01,-0.03,0,"No Highschool",0.0666666666666673
2006-01-01,-0.07,0,"Bachelors",-0.0666666666666664
2006-01-01,-0.07,0,"Masters",-0.2
2006-01-01,-0.07,0,"No Highschool",-0.0333333333333332
2006-02-01,-0.07,0,"Bachelors",-0.0333333333333332
2006-02-01,-0.07,0,"Masters",0.0666666666666664
2006-02-01,-0.07,0,"No Highschool",-0.0999999999999996
2006-03-01,-0.07,0,"Bachelors",0.0333333333333332
2006-03-01,-0.07,0,"Masters",0.0333333333333332
2006-03-01,-0.07,0,"No Highschool",-0.166666666666667
2006-04-01,0,0,"Bachelors",0.0666666666666664
2006-04-01,0,0,"Masters",0.0999999999999999
2006-04-01,0,0,"No Highschool",-0.0333333333333341
2006-05-01,-0.07,0,"Bachelors",0.0333333333333332
2006-05-01,-0.07,0,"Masters",0.0333333333333332
2006-05-01,-0.07,0,"No Highschool",-0.0333333333333323
2006-06-01,-0.03,0,"Bachelors",0
2006-06-01,-0.03,0,"Masters",0.0333333333333332
2006-06-01,-0.03,0,"No Highschool",0.0666666666666664
2006-07-01,0.03,0,"Bachelors",-0.0666666666666669
2006-07-01,0.03,0,"Masters",0.233333333333333
2006-07-01,0.03,0,"No Highschool",0.133333333333333
2006-08-01,0.07,0,"Bachelors",-0.0999999999999999
2006-08-01,0.07,0,"Masters",0.366666666666666
2006-08-01,0.07,0,"No Highschool",0.0666666666666664
2006-09-01,0.07,0,"Bachelors",0
2006-09-01,0.07,0,"Masters",0.533333333333333
2006-09-01,0.07,0,"No Highschool",-0.166666666666667
2006-10-01,-0.07,0,"Bachelors",-0.0333333333333337
2006-10-01,-0.07,0,"Masters",0.333333333333333
2006-10-01,-0.07,0,"No Highschool",-0.433333333333334
2006-11-01,-0.07,0,"Bachelors",0
2006-11-01,-0.07,0,"Masters",0.2
2006-11-01,-0.07,0,"No Highschool",-0.0666666666666664
2006-12-01,-0.03,0,"Bachelors",-0.0999999999999999
2006-12-01,-0.03,0,"Masters",0
2006-12-01,-0.03,0,"No Highschool",0.100000000000001
2007-01-01,0.07,0,"Bachelors",0.0666666666666667
2007-01-01,0.07,0,"Masters",0
2007-01-01,0.07,0,"No Highschool",0.466666666666667
2007-02-01,0.07,0,"Bachelors",0.0999999999999999
2007-02-01,0.07,0,"Masters",0.0333333333333332
2007-02-01,0.07,0,"No Highschool",0.699999999999999
2007-03-01,0.03,0,"Bachelors",0.0999999999999999
2007-03-01,0.03,0,"Masters",0.133333333333333
2007-03-01,0.03,0,"No Highschool",0.766666666666667
2007-04-01,0,0,"Bachelors",0.0333333333333332
2007-04-01,0,0,"Masters",0
2007-04-01,0,0,"No Highschool",0.833333333333334
2007-05-01,0,0,"Bachelors",0.0666666666666667
2007-05-01,0,0,"Masters",-0.0333333333333337
2007-05-01,0,0,"No Highschool",0.600000000000001
2007-06-01,0.03,0,"Bachelors",0.133333333333333
2007-06-01,0.03,0,"Masters",0.0666666666666669
2007-06-01,0.03,0,"No Highschool",0.533333333333333
2007-07-01,0.07,0,"Bachelors",0.2
2007-07-01,0.07,0,"Masters",0.4
2007-07-01,0.07,0,"No Highschool",0.600000000000001
2007-08-01,0.1,0,"Bachelors",0.233333333333333
2007-08-01,0.1,0,"Masters",0.733333333333334
2007-08-01,0.1,0,"No Highschool",0.566666666666666
2007-09-01,0.17,0,"Bachelors",0.233333333333333
2007-09-01,0.17,0,"Masters",0.7
2007-09-01,0.17,0,"No Highschool",0.866666666666666
2007-10-01,0.2,0,"Bachelors",0.233333333333333
2007-10-01,0.2,0,"Masters",0.5
2007-10-01,0.2,0,"No Highschool",0.866666666666666
2007-11-01,0.23,0,"Bachelors",0.266666666666667
2007-11-01,0.23,0,"Masters",0.2
2007-11-01,0.23,0,"No Highschool",1.26666666666667
2007-12-01,0.4,0,"Bachelors",0.3
2007-12-01,0.4,0,"Masters",0.1
2007-12-01,0.4,0,"No Highschool",1.2
2008-01-01,0.4,1,"Bachelors",0.266666666666667
2008-01-01,0.4,1,"Masters",0.133333333333334
2008-01-01,0.4,1,"No Highschool",0.966666666666667
2008-02-01,0.43,1,"Bachelors",0.2
2008-02-01,0.43,1,"Masters",0.133333333333334
2008-02-01,0.43,1,"No Highschool",0.800000000000001
2008-03-01,0.47,1,"Bachelors",0.2
2008-03-01,0.47,1,"Masters",0.133333333333334
2008-03-01,0.47,1,"No Highschool",1.03333333333333
2008-04-01,0.5,1,"Bachelors",0.2
2008-04-01,0.5,1,"Masters",0.0666666666666669
2008-04-01,0.5,1,"No Highschool",1.03333333333333
2008-05-01,0.73,1,"Bachelors",0.233333333333334
2008-05-01,0.73,1,"Masters",0.233333333333333
2008-05-01,0.73,1,"No Highschool",1.26666666666667
2008-06-01,0.8,1,"Bachelors",0.266666666666667
2008-06-01,0.8,1,"Masters",0.466666666666667
2008-06-01,0.8,1,"No Highschool",1.36666666666667
2008-07-01,0.97,1,"Bachelors",0.333333333333333
2008-07-01,0.97,1,"Masters",0.833333333333333
2008-07-01,0.97,1,"No Highschool",1.63333333333333
2008-08-01,1.1,1,"Bachelors",0.5
2008-08-01,1.1,1,"Masters",1
2008-08-01,1.1,1,"No Highschool",2.16666666666667
2008-09-01,1.27,1,"Bachelors",0.566666666666666
2008-09-01,1.27,1,"Masters",0.966666666666667
2008-09-01,1.27,1,"No Highschool",2.23333333333333
2008-10-01,1.5,1,"Bachelors",0.766666666666667
2008-10-01,1.5,1,"Masters",1.03333333333333
2008-10-01,1.5,1,"No Highschool",2.8
2008-11-01,1.7,1,"Bachelors",0.9
2008-11-01,1.7,1,"Masters",1.13333333333333
2008-11-01,1.7,1,"No Highschool",2.76666666666667
2008-12-01,2.07,1,"Bachelors",1.23333333333333
2008-12-01,2.07,1,"Masters",1.46666666666667
2008-12-01,2.07,1,"No Highschool",3.16666666666667
2009-01-01,2.37,1,"Bachelors",1.5
2009-01-01,2.37,1,"Masters",1.66666666666667
2009-01-01,2.37,1,"No Highschool",3.83333333333333
2009-02-01,2.77,1,"Bachelors",1.8
2009-02-01,2.77,1,"Masters",1.83333333333333
2009-02-01,2.77,1,"No Highschool",4.63333333333333
2009-03-01,3.13,1,"Bachelors",2.03333333333333
2009-03-01,3.13,1,"Masters",1.9
2009-03-01,3.13,1,"No Highschool",5.36666666666667
2009-04-01,3.53,1,"Bachelors",2.2
2009-04-01,3.53,1,"Masters",1.93333333333333
2009-04-01,3.53,1,"No Highschool",6.2
2009-05-01,3.73,1,"Bachelors",2.36666666666667
2009-05-01,3.73,1,"Masters",1.7
2009-05-01,3.73,1,"No Highschool",6.63333333333333
2009-06-01,3.9,1,"Bachelors",2.43333333333333
2009-06-01,3.9,1,"Masters",1.56666666666667
2009-06-01,3.9,1,"No Highschool",7.06666666666667
2009-07-01,3.8,0,"Bachelors",2.43333333333333
2009-07-01,3.8,0,"Masters",1.66666666666667
2009-07-01,3.8,0,"No Highschool",6.9
2009-08-01,3.67,0,"Bachelors",2.23333333333333
2009-08-01,3.67,0,"Masters",1.93333333333333
2009-08-01,3.67,0,"No Highschool",6.5
2009-09-01,3.57,0,"Bachelors",2.23333333333333
2009-09-01,3.57,0,"Masters",1.96666666666667
2009-09-01,3.57,0,"No Highschool",5.9
2009-10-01,3.57,0,"Bachelors",2
2009-10-01,3.57,0,"Masters",1.53333333333333
2009-10-01,3.57,0,"No Highschool",5.3
2009-11-01,3.47,0,"Bachelors",1.86666666666667
2009-11-01,3.47,0,"Masters",1.33333333333333
2009-11-01,3.47,0,"No Highschool",4.63333333333333
2009-12-01,3.07,0,"Bachelors",1.5
2009-12-01,3.07,0,"Masters",0.9
2009-12-01,3.07,0,"No Highschool",4.23333333333333
2010-01-01,2.57,0,"Bachelors",1.3
2010-01-01,2.57,0,"Masters",0.866666666666667
2010-01-01,2.57,0,"No Highschool",3.56666666666667
2010-02-01,2.03,0,"Bachelors",1.03333333333333
2010-02-01,2.03,0,"Masters",0.7
2010-02-01,2.03,0,"No Highschool",3.13333333333333
2010-03-01,1.53,0,"Bachelors",0.8
2010-03-01,1.53,0,"Masters",0.666666666666667
2010-03-01,1.53,0,"No Highschool",2.13333333333333
2010-04-01,1.2,0,"Bachelors",0.6
2010-04-01,1.2,0,"Masters",0.366666666666667
2010-04-01,1.2,0,"No Highschool",1.1
2010-05-01,0.8,0,"Bachelors",0.266666666666667
2010-05-01,0.8,0,"Masters",0.0666666666666664
2010-05-01,0.8,0,"No Highschool",0.0333333333333332
2010-06-01,0.43,0,"Bachelors",-0.0666666666666673
2010-06-01,0.43,0,"Masters",0.0333333333333337
2010-06-01,0.43,0,"No Highschool",-0.233333333333334
2010-07-01,0.13,0,"Bachelors",-0.0999999999999996
2010-07-01,0.13,0,"Masters",0.500000000000001
2010-07-01,0.13,0,"No Highschool",-0.4
2010-08-01,0,0,"Bachelors",0
2010-08-01,0,0,"Masters",1.03333333333333
2010-08-01,0,0,"No Highschool",-0.166666666666668
2010-09-01,0.03,0,"Bachelors",0.0333333333333323
2010-09-01,0.03,0,"Masters",1.16666666666667
2010-09-01,0.03,0,"No Highschool",0.466666666666669
2010-10-01,0.07,0,"Bachelors",0.0666666666666664
2010-10-01,0.07,0,"Masters",0.800000000000001
2010-10-01,0.07,0,"No Highschool",0.966666666666669
2010-11-01,0.13,0,"Bachelors",0.199999999999999
2010-11-01,0.13,0,"Masters",0.466666666666667
2010-11-01,0.13,0,"No Highschool",1.4
2010-12-01,0.1,0,"Bachelors",0.3
2010-12-01,0.1,0,"Masters",0.166666666666667
2010-12-01,0.1,0,"No Highschool",1.2
2011-01-01,-0.13,0,"Bachelors",0.199999999999999
2011-01-01,-0.13,0,"Masters",0.133333333333333
2011-01-01,-0.13,0,"No Highschool",0.966666666666669
2011-02-01,-0.3,0,"Bachelors",-0.0333333333333341
2011-02-01,-0.3,0,"Masters",-0.0333333333333332
2011-02-01,-0.3,0,"No Highschool",0.5
2011-03-01,-0.2,0,"Bachelors",-0.133333333333333
2011-03-01,-0.2,0,"Masters",0.0333333333333337
2011-03-01,-0.2,0,"No Highschool",0.200000000000001
2011-04-01,0,0,"Bachelors",0.0666666666666664
2011-04-01,0,0,"Masters",-0.166666666666667
2011-04-01,0,0,"No Highschool",0.333333333333334
2011-05-01,0.07,0,"Bachelors",0.133333333333333
2011-05-01,0.07,0,"Masters",0.133333333333333
2011-05-01,0.07,0,"No Highschool",0.5
2011-06-01,0.2,0,"Bachelors",0.0999999999999996
2011-06-01,0.2,0,"Masters",0.166666666666667
2011-06-01,0.2,0,"No Highschool",0.600000000000001
2011-07-01,0.23,0,"Bachelors",0
2011-07-01,0.23,0,"Masters",0.333333333333333
2011-07-01,0.23,0,"No Highschool",0.533333333333335
2011-08-01,0.23,0,"Bachelors",-0.0999999999999996
2011-08-01,0.23,0,"Masters",0.366666666666667
2011-08-01,0.23,0,"No Highschool",0.400000000000002
2011-09-01,0.2,0,"Bachelors",-0.0333333333333332
2011-09-01,0.2,0,"Masters",0.333333333333333
2011-09-01,0.2,0,"No Highschool",0.166666666666666
2011-10-01,0.17,0,"Bachelors",0.0333333333333332
2011-10-01,0.17,0,"Masters",0.333333333333333
2011-10-01,0.17,0,"No Highschool",-0.166666666666666
2011-11-01,0,0,"Bachelors",0.0999999999999996
2011-11-01,0,0,"Masters",0.3
2011-11-01,0,0,"No Highschool",-0.433333333333334
2011-12-01,-0.17,0,"Bachelors",0.0666666666666664
2011-12-01,-0.17,0,"Masters",0.3
2011-12-01,-0.17,0,"No Highschool",-0.199999999999999
2012-01-01,-0.2,0,"Bachelors",0.0666666666666664
2012-01-01,-0.2,0,"Masters",0.4
2012-01-01,-0.2,0,"No Highschool",-0.166666666666668
2012-02-01,-0.13,0,"Bachelors",-8.88178419700125e-16
2012-02-01,-0.13,0,"Masters",0.366666666666667
2012-02-01,-0.13,0,"No Highschool",0.0999999999999996
2012-03-01,-0.1,0,"Bachelors",0
2012-03-01,-0.1,0,"Masters",0.333333333333333
2012-03-01,-0.1,0,"No Highschool",-0.199999999999999
2012-04-01,-0.07,0,"Bachelors",-0.0999999999999996
2012-04-01,-0.07,0,"Masters",0.1
2012-04-01,-0.07,0,"No Highschool",-0.166666666666668
2012-05-01,-0.03,0,"Bachelors",-0.1
2012-05-01,-0.03,0,"Masters",-0.266666666666667
2012-05-01,-0.03,0,"No Highschool",-0.0666666666666647
2012-06-01,0,0,"Bachelors",-0.0333333333333332
2012-06-01,0,0,"Masters",0
2012-06-01,0,0,"No Highschool",-0.0666666666666682
2012-07-01,0.07,0,"Bachelors",0.0333333333333332
2012-07-01,0.07,0,"Masters",0.366666666666667
2012-07-01,0.07,0,"No Highschool",-0.0333333333333332
2012-08-01,0.03,0,"Bachelors",0.1
2012-08-01,0.03,0,"Masters",0.8
2012-08-01,0.03,0,"No Highschool",-0.366666666666667
2012-09-01,-0.1,0,"Bachelors",0.1
2012-09-01,-0.1,0,"Masters",0.733333333333334
2012-09-01,-0.1,0,"No Highschool",-0.299999999999999
2012-10-01,-0.13,0,"Bachelors",-0.0333333333333332
2012-10-01,-0.13,0,"Masters",0.4
2012-10-01,-0.13,0,"No Highschool",-0.0999999999999996
2012-11-01,-0.13,0,"Bachelors",-0.0666666666666664
2012-11-01,-0.13,0,"Masters",0.100000000000001
2012-11-01,-0.13,0,"No Highschool",0.0666666666666647
2012-12-01,0,0,"Bachelors",0
2012-12-01,0,0,"Masters",0.133333333333334
2012-12-01,0,0,"No Highschool",0.0999999999999996
2013-01-01,0,0,"Bachelors",0.0333333333333332
2013-01-01,0,0,"Masters",0.2
2013-01-01,0,0,"No Highschool",0.0666666666666647
2013-02-01,-0.03,0,"Bachelors",0.0333333333333332
2013-02-01,-0.03,0,"Masters",0.366666666666667
2013-02-01,-0.03,0,"No Highschool",-0.166666666666666
2013-03-01,-0.07,0,"Bachelors",-0.0333333333333341
2013-03-01,-0.07,0,"Masters",0.3
2013-03-01,-0.07,0,"No Highschool",-0.233333333333334
2013-04-01,-0.13,0,"Bachelors",0.0333333333333332
2013-04-01,-0.13,0,"Masters",0.133333333333334
2013-04-01,-0.13,0,"No Highschool",-0.133333333333333
2013-05-01,-0.03,0,"Bachelors",0.0333333333333332
2013-05-01,-0.03,0,"Masters",0
2013-05-01,-0.03,0,"No Highschool",-0.0999999999999996
2013-06-01,0,0,"Bachelors",0.0333333333333332
2013-06-01,0,0,"Masters",0.3
2013-06-01,0,0,"No Highschool",-0.133333333333335
2013-07-01,-0.03,0,"Bachelors",0
2013-07-01,-0.03,0,"Masters",0.666666666666667
2013-07-01,-0.03,0,"No Highschool",-0.266666666666666
2013-08-01,-0.1,0,"Bachelors",-0.166666666666667
2013-08-01,-0.1,0,"Masters",0.633333333333334
2013-08-01,-0.1,0,"No Highschool",0.0333333333333332
2013-09-01,-0.13,0,"Bachelors",-0.0333333333333332
2013-09-01,-0.13,0,"Masters",0.3
2013-09-01,-0.13,0,"No Highschool",-0.033333333333335
2013-10-01,-0.03,0,"Bachelors",-0.0333333333333332
2013-10-01,-0.03,0,"Masters",0.0333333333333332
2013-10-01,-0.03,0,"No Highschool",0.033333333333335
2013-11-01,-0.1,0,"Bachelors",0
2013-11-01,-0.1,0,"Masters",-0.0333333333333332
2013-11-01,-0.1,0,"No Highschool",-0.0999999999999979
2013-12-01,-0.17,0,"Bachelors",-0.133333333333333
2013-12-01,-0.17,0,"Masters",-0.1
2013-12-01,-0.17,0,"No Highschool",-0.233333333333334
2014-01-01,-0.2,0,"Bachelors",-0.133333333333334
2014-01-01,-0.2,0,"Masters",-0.0999999999999996
2014-01-01,-0.2,0,"No Highschool",-0.5
2014-02-01,-0.1,0,"Bachelors",0
2014-02-01,-0.1,0,"Masters",-0.133333333333333
2014-02-01,-0.1,0,"No Highschool",-0.300000000000001
2014-03-01,0,0,"Bachelors",0.0333333333333332
2014-03-01,0,0,"Masters",0.0666666666666669
2014-03-01,0,0,"No Highschool",-0.133333333333333
2014-04-01,-0.1,0,"Bachelors",0.0333333333333332
2014-04-01,-0.1,0,"Masters",-0.0333333333333332
2014-04-01,-0.1,0,"No Highschool",-0.233333333333334
2014-05-01,-0.13,0,"Bachelors",-0.0333333333333332
2014-05-01,-0.13,0,"Masters",0
2014-05-01,-0.13,0,"No Highschool",-0.199999999999999
2014-06-01,-0.2,0,"Bachelors",-0.0333333333333332
2014-06-01,-0.2,0,"Masters",0
2014-06-01,-0.2,0,"No Highschool",-0.0666666666666664
2014-07-01,-0.03,0,"Bachelors",-0.0666666666666664
2014-07-01,-0.03,0,"Masters",0.166666666666667
2014-07-01,-0.03,0,"No Highschool",0.266666666666666
2014-08-01,-0.07,0,"Bachelors",0
2014-08-01,-0.07,0,"Masters",0.366666666666666
2014-08-01,-0.07,0,"No Highschool",0.266666666666666
2014-09-01,-0.07,0,"Bachelors",-0.133333333333333
2014-09-01,-0.07,0,"Masters",0.266666666666667
2014-09-01,-0.07,0,"No Highschool",0.0333333333333332
2014-10-01,-0.13,0,"Bachelors",-0.0333333333333332
2014-10-01,-0.13,0,"Masters",0.1
2014-10-01,-0.13,0,"No Highschool",-0.433333333333334
2014-11-01,-0.1,0,"Bachelors",0
2014-11-01,-0.1,0,"Masters",-0.133333333333334
2014-11-01,-0.1,0,"No Highschool",-0.199999999999999
2014-12-01,-0.1,0,"Advanced Degree",NA
2014-12-01,-0.1,0,"Bachelors",-0.0333333333333332
2014-12-01,-0.1,0,"Masters",-0.0666666666666664
2014-12-01,-0.1,0,"No Highschool",0.0333333333333314
2015-01-01,0,0,"Advanced Degree",NA
2015-01-01,0,0,"Bachelors",-0.0666666666666669
2015-01-01,0,0,"Masters",0
2015-01-01,0,0,"No Highschool",0.0999999999999996
2015-02-01,-0.1,0,"Advanced Degree",NA
2015-02-01,-0.1,0,"Bachelors",-0.166666666666667
2015-02-01,-0.1,0,"Masters",-0.0333333333333332
2015-02-01,-0.1,0,"No Highschool",-0.0333333333333332
2015-03-01,-0.03,0,"Advanced Degree",NA
2015-03-01,-0.03,0,"Bachelors",-0.133333333333333
2015-03-01,-0.03,0,"Masters",-0.2
2015-03-01,-0.03,0,"No Highschool",0
2015-04-01,-0.1,0,"Advanced Degree",NA
2015-04-01,-0.1,0,"Bachelors",-0.0333333333333332
2015-04-01,-0.1,0,"Masters",-0.2
2015-04-01,-0.1,0,"No Highschool",0.0333333333333332
2015-05-01,0,0,"Advanced Degree",NA
2015-05-01,0,0,"Bachelors",0.0333333333333332
2015-05-01,0,0,"Masters",-0.133333333333333
2015-05-01,0,0,"No Highschool",0.199999999999999
2015-06-01,-0.07,0,"Advanced Degree",NA
2015-06-01,-0.07,0,"Bachelors",0.0666666666666669
2015-06-01,-0.07,0,"Masters",0.233333333333333
2015-06-01,-0.07,0,"No Highschool",0.0666666666666647
2015-07-01,-0.03,0,"Advanced Degree",NA
2015-07-01,-0.03,0,"Bachelors",0
2015-07-01,-0.03,0,"Masters",0.633333333333333
2015-07-01,-0.03,0,"No Highschool",0.0333333333333332
2015-08-01,-0.13,0,"Advanced Degree",NA
2015-08-01,-0.13,0,"Bachelors",-0.133333333333333
2015-08-01,-0.13,0,"Masters",0.8
2015-08-01,-0.13,0,"No Highschool",-0.233333333333334
2015-09-01,-0.07,0,"Advanced Degree",NA
2015-09-01,-0.07,0,"Bachelors",0
2015-09-01,-0.07,0,"Masters",0.666666666666666
2015-09-01,-0.07,0,"No Highschool",-0.0999999999999996
2015-10-01,-0.1,0,"Advanced Degree",NA
2015-10-01,-0.1,0,"Bachelors",0
2015-10-01,-0.1,0,"Masters",0.366666666666666
2015-10-01,-0.1,0,"No Highschool",-0.233333333333333
2015-11-01,-0.03,0,"Advanced Degree",NA
2015-11-01,-0.03,0,"Bachelors",0.0333333333333332
2015-11-01,-0.03,0,"Masters",0.333333333333333
2015-11-01,-0.03,0,"No Highschool",-0.366666666666666
2015-12-01,-0.03,0,"Advanced Degree",NA
2015-12-01,-0.03,0,"Bachelors",0.0333333333333332
2015-12-01,-0.03,0,"Masters",0.366666666666666
2015-12-01,-0.03,0,"No Highschool",-0.5
2016-01-01,-0.03,0,"Advanced Degree",NA
2016-01-01,-0.03,0,"Bachelors",0.0333333333333332
2016-01-01,-0.03,0,"Masters",0.366666666666666
2016-01-01,-0.03,0,"No Highschool",-0.166666666666667
2016-02-01,-0.03,0,"Advanced Degree",0
2016-02-01,-0.03,0,"Bachelors",0.0333333333333332
2016-02-01,-0.03,0,"Masters",0.266666666666667
2016-02-01,-0.03,0,"No Highschool",0.0666666666666664
2016-03-01,0,0,"Advanced Degree",0.1
2016-03-01,0,0,"Bachelors",0.0666666666666669
2016-03-01,0,0,"Masters",0.333333333333333
2016-03-01,0,0,"No Highschool",0.366666666666666
2016-04-01,0.03,0,"Advanced Degree",0
2016-04-01,0.03,0,"Bachelors",0.0666666666666669
2016-04-01,0.03,0,"Masters",0.133333333333333
2016-04-01,0.03,0,"No Highschool",0.533333333333333
2016-05-01,-0.03,0,"Advanced Degree",-0.0333333333333332
2016-05-01,-0.03,0,"Bachelors",0.0666666666666669
2016-05-01,-0.03,0,"Masters",0.0333333333333332
2016-05-01,-0.03,0,"No Highschool",0.666666666666667
2016-06-01,-0.03,0,"Advanced Degree",0
2016-06-01,-0.03,0,"Bachelors",0.0333333333333332
2016-06-01,-0.03,0,"Masters",0.0333333333333332
2016-06-01,-0.03,0,"No Highschool",0.766666666666667
2016-07-01,-0.03,0,"Advanced Degree",0.366666666666667
2016-07-01,-0.03,0,"Bachelors",0
2016-07-01,-0.03,0,"Masters",0.5
2016-07-01,-0.03,0,"No Highschool",0.4
2016-08-01,0.07,0,"Advanced Degree",0.633333333333333
2016-08-01,0.07,0,"Bachelors",0.0333333333333332
2016-08-01,0.07,0,"Masters",0.866666666666667
2016-08-01,0.07,0,"No Highschool",0.4
2016-09-01,0.1,0,"Advanced Degree",0.633333333333333
2016-09-01,0.1,0,"Bachelors",0.0333333333333332
2016-09-01,0.1,0,"Masters",0.866666666666667
2016-09-01,0.1,0,"No Highschool",0.766666666666667
2016-10-01,0.1,0,"Advanced Degree",0.333333333333333
2016-10-01,0.1,0,"Bachelors",0.1
2016-10-01,0.1,0,"Masters",0.5
2016-10-01,0.1,0,"No Highschool",1.1
2016-11-01,0,0,"Advanced Degree",0
2016-11-01,0,0,"Bachelors",0.0333333333333332
2016-11-01,0,0,"Masters",0.133333333333333
2016-11-01,0,0,"No Highschool",1.26666666666667
2016-12-01,-0.07,0,"Advanced Degree",-0.0999999999999999
2016-12-01,-0.07,0,"Bachelors",0.0333333333333332
2016-12-01,-0.07,0,"Masters",-0.0333333333333332
2016-12-01,-0.07,0,"No Highschool",0.866666666666666
2017-01-01,0,0,"Advanced Degree",0.0333333333333332
2017-01-01,0,0,"Bachelors",0
2017-01-01,0,0,"Masters",0.0999999999999996
2017-01-01,0,0,"No Highschool",0.833333333333334
2017-02-01,0.03,0,"Advanced Degree",0.0999999999999999
2017-02-01,0.03,0,"Bachelors",0
2017-02-01,0.03,0,"Masters",0.0999999999999996
2017-02-01,0.03,0,"No Highschool",0.633333333333333
2017-03-01,-0.03,0,"Advanced Degree",0.0666666666666667
2017-03-01,-0.03,0,"Bachelors",0
2017-03-01,-0.03,0,"Masters",0.133333333333333
2017-03-01,-0.03,0,"No Highschool",0
2017-04-01,-0.13,0,"Advanced Degree",-0.1
2017-04-01,-0.13,0,"Bachelors",0
2017-04-01,-0.13,0,"Masters",0
2017-04-01,-0.13,0,"No Highschool",-0.3
2017-05-01,-0.13,0,"Advanced Degree",0
2017-05-01,-0.13,0,"Bachelors",-0.0333333333333332
2017-05-01,-0.13,0,"Masters",0.0666666666666664
2017-05-01,-0.13,0,"No Highschool",-0.466666666666666
2017-06-01,-0.03,0,"Advanced Degree",0.133333333333333
2017-06-01,-0.03,0,"Bachelors",-0.0666666666666669
2017-06-01,-0.03,0,"Masters",0.266666666666667
2017-06-01,-0.03,0,"No Highschool",0
2017-07-01,-0.03,0,"Advanced Degree",0.433333333333333
2017-07-01,-0.03,0,"Bachelors",-0.0666666666666669
2017-07-01,-0.03,0,"Masters",0.533333333333333
2017-07-01,-0.03,0,"No Highschool",0.199999999999999
2017-08-01,0.03,0,"Advanced Degree",0.733333333333333
2017-08-01,0.03,0,"Bachelors",0.0333333333333332
2017-08-01,0.03,0,"Masters",0.8
2017-08-01,0.03,0,"No Highschool",0.199999999999999
2017-09-01,-0.03,0,"Advanced Degree",0.6
2017-09-01,-0.03,0,"Bachelors",0.0333333333333332
2017-09-01,-0.03,0,"Masters",0.533333333333333
2017-09-01,-0.03,0,"No Highschool",0.266666666666666
2017-10-01,-0.07,0,"Advanced Degree",0.333333333333333
2017-10-01,-0.07,0,"Bachelors",-0.0333333333333332
2017-10-01,-0.07,0,"Masters",0.166666666666666
2017-10-01,-0.07,0,"No Highschool",-0.100000000000001
2017-11-01,-0.1,0,"Advanced Degree",-0.0333333333333334
2017-11-01,-0.1,0,"Bachelors",-0.0999999999999996
2017-11-01,-0.1,0,"Masters",-0.2
2017-11-01,-0.1,0,"No Highschool",-0.233333333333333
2017-12-01,-0.03,0,"Advanced Degree",-0.0666666666666667
2017-12-01,-0.03,0,"Bachelors",-0.0333333333333332
2017-12-01,-0.03,0,"Masters",-0.0666666666666664
2017-12-01,-0.03,0,"No Highschool",-0.133333333333335
2018-01-01,0,0,"Advanced Degree",0.1
2018-01-01,0,0,"Bachelors",0
2018-01-01,0,0,"Masters",0.2
2018-01-01,0,0,"No Highschool",-0.199999999999999
2018-02-01,0,0,"Advanced Degree",0.2
2018-02-01,0,0,"Bachelors",0.0333333333333332
2018-02-01,0,0,"Masters",0.333333333333333
2018-02-01,0,0,"No Highschool",0.0999999999999996
2018-03-01,0,0,"Advanced Degree",0.266666666666667
2018-03-01,0,0,"Bachelors",0.0666666666666664
2018-03-01,0,0,"Masters",0.333333333333333
2018-03-01,0,0,"No Highschool",-0.166666666666666
2018-04-01,-0.07,0,"Advanced Degree",0.1
2018-04-01,-0.07,0,"Bachelors",0.0666666666666664
2018-04-01,-0.07,0,"Masters",0.1
2018-04-01,-0.07,0,"No Highschool",0.166666666666666
2018-05-01,-0.1,0,"Advanced Degree",-0.0333333333333332
2018-05-01,-0.1,0,"Bachelors",-4.44089209850063e-16
2018-05-01,-0.1,0,"Masters",-0.0666666666666667
2018-05-01,-0.1,0,"No Highschool",0
2018-06-01,-0.03,0,"Advanced Degree",0.133333333333333
2018-06-01,-0.03,0,"Bachelors",0
2018-06-01,-0.03,0,"Masters",0.266666666666667
2018-06-01,-0.03,0,"No Highschool",0
2018-07-01,0,0,"Advanced Degree",0.5
2018-07-01,0,0,"Bachelors",0.0333333333333337
2018-07-01,0,0,"Masters",0.733333333333333
2018-07-01,0,0,"No Highschool",-0.300000000000001
2018-08-01,0.03,0,"Advanced Degree",0.866666666666666
2018-08-01,0.03,0,"Bachelors",0.0333333333333337
2018-08-01,0.03,0,"Masters",1.13333333333333
2018-08-01,0.03,0,"No Highschool",0.133333333333334
2018-09-01,-0.07,0,"Advanced Degree",0.733333333333333
2018-09-01,-0.07,0,"Bachelors",-0.0666666666666664
2018-09-01,-0.07,0,"Masters",0.9
2018-09-01,-0.07,0,"No Highschool",0.2
2018-10-01,-0.07,0,"Advanced Degree",0.433333333333333
2018-10-01,-0.07,0,"Bachelors",-0.0666666666666667
2018-10-01,-0.07,0,"Masters",0.533333333333333
2018-10-01,-0.07,0,"No Highschool",0.5
2018-11-01,-0.07,0,"Advanced Degree",0.0999999999999999
2018-11-01,-0.07,0,"Bachelors",0.0666666666666667
2018-11-01,-0.07,0,"Masters",0.233333333333333
2018-11-01,-0.07,0,"No Highschool",0.6
2018-12-01,0.07,0,"Advanced Degree",0.0999999999999999
2018-12-01,0.07,0,"Bachelors",0.133333333333334
2018-12-01,0.07,0,"Masters",0.3
2018-12-01,0.07,0,"No Highschool",0.666666666666668
2019-01-01,0.13,0,"Advanced Degree",0.2
2019-01-01,0.13,0,"Bachelors",0.266666666666666
2019-01-01,0.13,0,"Masters",0.4
2019-01-01,0.13,0,"No Highschool",0.6
2019-02-01,0.17,0,"Advanced Degree",0.2
2019-02-01,0.17,0,"Bachelors",0.266666666666666
2019-02-01,0.17,0,"Masters",0.333333333333333
2019-02-01,0.17,0,"No Highschool",0.399999999999999
2019-03-01,0.13,0,"Advanced Degree",0.133333333333333
2019-03-01,0.13,0,"Bachelors",0.233333333333333
2019-03-01,0.13,0,"Masters",0.233333333333333
2019-03-01,0.13,0,"No Highschool",0.399999999999999
2019-04-01,0,0,"Advanced Degree",-0.0333333333333332
2019-04-01,0,0,"Bachelors",0.133333333333334
2019-04-01,0,0,"Masters",0
2019-04-01,0,0,"No Highschool",0.266666666666667
2019-05-01,-0.07,0,"Advanced Degree",0
2019-05-01,-0.07,0,"Bachelors",0.0999999999999999
2019-05-01,-0.07,0,"Masters",-0.0333333333333334
2019-05-01,-0.07,0,"No Highschool",0.2
2019-06-01,-0.03,0,"Advanced Degree",0.133333333333333
2019-06-01,-0.03,0,"Bachelors",0.0999999999999999
2019-06-01,-0.03,0,"Masters",0.2
2019-06-01,-0.03,0,"No Highschool",-0.0333333333333332
2019-07-01,0.03,0,"Advanced Degree",0.466666666666667
2019-07-01,0.03,0,"Bachelors",0.133333333333334
2019-07-01,0.03,0,"Masters",0.666666666666667
2019-07-01,0.03,0,"No Highschool",-0.133333333333334
2019-08-01,0.07,0,"Advanced Degree",0.666666666666667
2019-08-01,0.07,0,"Bachelors",0.133333333333334
2019-08-01,0.07,0,"Masters",0.933333333333333
2019-08-01,0.07,0,"No Highschool",0.100000000000001
2019-09-01,0,0,"Advanced Degree",0.5
2019-09-01,0,0,"Bachelors",0.0999999999999999
2019-09-01,0,0,"Masters",0.733333333333333
2019-09-01,0,0,"No Highschool",8.88178419700125e-16
2019-10-01,-0.03,0,"Advanced Degree",0.266666666666667
2019-10-01,-0.03,0,"Bachelors",0.0666666666666667
2019-10-01,-0.03,0,"Masters",0.433333333333333
2019-10-01,-0.03,0,"No Highschool",0.233333333333333
2019-11-01,-0.07,0,"Advanced Degree",0.0666666666666664
2019-11-01,-0.07,0,"Bachelors",-0.0666666666666667
2019-11-01,-0.07,0,"Masters",0.3
2019-11-01,-0.07,0,"No Highschool",0.266666666666667
2019-12-01,0,0,"Advanced Degree",0.0666666666666664
2019-12-01,0,0,"Bachelors",0
2019-12-01,0,0,"Masters",0.3
2019-12-01,0,0,"No Highschool",0.433333333333334
2020-01-01,0,0,"Advanced Degree",0.0333333333333332
2020-01-01,0,0,"Bachelors",-0.0666666666666669
2020-01-01,0,0,"Masters",0.3
2020-01-01,0,0,"No Highschool",0.466666666666668
2020-02-01,0,0,"Advanced Degree",0
2020-02-01,0,0,"Bachelors",0
2020-02-01,0,0,"Masters",0.166666666666667
2020-02-01,0,0,"No Highschool",0.533333333333334
2020-03-01,0.3,1,"Advanced Degree",0.233333333333333
2020-03-01,0.3,1,"Bachelors",0.166666666666667
2020-03-01,0.3,1,"Masters",0.4
2020-03-01,0.3,1,"No Highschool",1.13333333333333
2020-04-01,4,1,"Advanced Degree",1.73333333333333
2020-04-01,4,1,"Bachelors",2.33333333333333
2020-04-01,4,1,"Masters",1.96666666666667
2020-04-01,4,1,"No Highschool",6.3
2020-05-01,7.27,0,"Advanced Degree",2.96666666666667
2020-05-01,7.27,0,"Bachelors",4.16666666666667
2020-05-01,7.27,0,"Masters",3.26666666666667
2020-05-01,7.27,0,"No Highschool",10.9666666666667
2020-06-01,9.5,0,"Advanced Degree",3.93333333333333
2020-06-01,9.5,0,"Bachelors",5.6
2020-06-01,9.5,0,"Masters",4.13333333333333
2020-06-01,9.5,0,"No Highschool",14.0333333333333
2020-07-01,8,0,"Advanced Degree",3.66666666666667
2020-07-01,8,0,"Bachelors",5.03333333333333
2020-07-01,8,0,"Masters",3.9
2020-07-01,8,0,"No Highschool",11.9333333333333
2020-08-01,6.37,0,"Advanced Degree",3.4
2020-08-01,6.37,0,"Bachelors",4.33333333333333
2020-08-01,6.37,0,"Masters",3.66666666666667
2020-08-01,6.37,0,"No Highschool",9.5
2020-09-01,5.3,0,"Advanced Degree",2.83333333333333
2020-09-01,5.3,0,"Bachelors",3.66666666666667
2020-09-01,5.3,0,"Masters",3.1
2020-09-01,5.3,0,"No Highschool",7.53333333333333
2020-10-01,4.2,0,"Advanced Degree",2.1
2020-10-01,4.2,0,"Bachelors",2.83333333333333
2020-10-01,4.2,0,"Masters",2.3
2020-10-01,4.2,0,"No Highschool",5.6
2020-11-01,3.63,0,"Advanced Degree",1.63333333333333
2020-11-01,3.63,0,"Bachelors",2.46666666666667
2020-11-01,3.63,0,"Masters",1.83333333333333
2020-11-01,3.63,0,"No Highschool",4.56666666666667
2020-12-01,3.23,0,"Advanced Degree",1.46666666666667
2020-12-01,3.23,0,"Bachelors",2.16666666666667
2020-12-01,3.23,0,"Masters",1.7
2020-12-01,3.23,0,"No Highschool",4.2
2021-01-01,3.03,0,"Advanced Degree",1.5
2021-01-01,3.03,0,"Bachelors",2.1
2021-01-01,3.03,0,"Masters",1.73333333333333
2021-01-01,3.03,0,"No Highschool",3.9
2021-02-01,2.87,0,"Advanced Degree",1.53333333333333
2021-02-01,2.87,0,"Bachelors",1.96666666666667
2021-02-01,2.87,0,"Masters",1.76666666666667
2021-02-01,2.87,0,"No Highschool",4.1
2021-03-01,2.33,0,"Advanced Degree",1.36666666666667
2021-03-01,2.33,0,"Bachelors",1.73333333333333
2021-03-01,2.33,0,"Masters",1.56666666666667
2021-03-01,2.33,0,"No Highschool",3.03333333333333
2021-04-01,-0.07,0,"Advanced Degree",-0.166666666666667
2021-04-01,-0.07,0,"Bachelors",-0.166666666666667
2021-04-01,-0.07,0,"Masters",-0.233333333333333
2021-04-01,-0.07,0,"No Highschool",0.133333333333333
2021-05-01,-0.13,0,"Advanced Degree",-0.3
2021-05-01,-0.13,0,"Bachelors",-0.233333333333333
2021-05-01,-0.13,0,"Masters",-0.366666666666667
2021-05-01,-0.13,0,"No Highschool",-0.266666666666667
2021-06-01,-0.03,0,"Advanced Degree",-0.133333333333334
2021-06-01,-0.03,0,"Bachelors",-0.100000000000001
2021-06-01,-0.03,0,"Masters",-0.233333333333334
2021-06-01,-0.03,0,"No Highschool",0.600000000000001
2021-07-01,-0.23,0,"Advanced Degree",0.133333333333334
2021-07-01,-0.23,0,"Bachelors",-0.133333333333333
2021-07-01,-0.23,0,"Masters",0.166666666666667
2021-07-01,-0.23,0,"No Highschool",0.566666666666668
2021-08-01,-0.2,0,"Advanced Degree",0.133333333333334
2021-08-01,-0.2,0,"Bachelors",-0.1
2021-08-01,-0.2,0,"Masters",0.166666666666667
2021-08-01,-0.2,0,"No Highschool",0.100000000000001
2021-09-01,-0.37,0,"Advanced Degree",-0.133333333333333
2021-09-01,-0.37,0,"Bachelors",-0.266666666666667
2021-09-01,-0.37,0,"Masters",-0.0999999999999996
2021-09-01,-0.37,0,"No Highschool",-0.799999999999999
2021-10-01,-0.27,0,"Advanced Degree",-0.4
2021-10-01,-0.27,0,"Bachelors",-0.233333333333333
2021-10-01,-0.27,0,"Masters",-0.466666666666667
2021-10-01,-0.27,0,"No Highschool",-0.733333333333334
2021-11-01,-0.33,0,"Advanced Degree",-0.3
2021-11-01,-0.33,0,"Bachelors",-0.166666666666667
2021-11-01,-0.33,0,"Masters",-0.333333333333333
2021-11-01,-0.33,0,"No Highschool",-0.666666666666667
2021-12-01,-0.27,0,"Advanced Degree",-0.333333333333333
2021-12-01,-0.27,0,"Bachelors",-0.166666666666667
2021-12-01,-0.27,0,"Masters",-0.3
2021-12-01,-0.27,0,"No Highschool",-0.733333333333333
2022-01-01,-0.2,0,"Advanced Degree",-0.133333333333333
2022-01-01,-0.2,0,"Bachelors",-0.0333333333333337
2022-01-01,-0.2,0,"Masters",-0.166666666666667
2022-01-01,-0.2,0,"No Highschool",-0.233333333333333
2022-02-01,-0.13,0,"Advanced Degree",0.0999999999999999
2022-02-01,-0.13,0,"Bachelors",-0.0666666666666664
2022-02-01,-0.13,0,"Masters",0.133333333333334
2022-02-01,-0.13,0,"No Highschool",-0.399999999999999
2022-03-01,-0.1,0,"Advanced Degree",0.3
2022-03-01,-0.1,0,"Bachelors",-0.0666666666666669
2022-03-01,-0.1,0,"Masters",0.3
2022-03-01,-0.1,0,"No Highschool",0.0333333333333332
2022-04-01,-0.13,0,"Advanced Degree",0.4
2022-04-01,-0.13,0,"Bachelors",-0.0999999999999999
2022-04-01,-0.13,0,"Masters",0.466666666666667
2022-04-01,-0.13,0,"No Highschool",-0.3
2022-05-01,-0.07,0,"Advanced Degree",0.333333333333333
2022-05-01,-0.07,0,"Bachelors",-0.0666666666666667
2022-05-01,-0.07,0,"Masters",0.433333333333333
2022-05-01,-0.07,0,"No Highschool",0.266666666666666
2022-06-01,0,0,"Advanced Degree",0.466666666666667
2022-06-01,0,0,"Bachelors",0.0333333333333334
2022-06-01,0,0,"Masters",0.6
2022-06-01,0,0,"No Highschool",0.333333333333333
2022-07-01,-0.03,0,"Advanced Degree",0.733333333333333
2022-07-01,-0.03,0,"Bachelors",0.0333333333333334
2022-07-01,-0.03,0,"Masters",0.9
2022-07-01,-0.03,0,"No Highschool",0.466666666666666
2022-08-01,0.03,0,"Advanced Degree",0.9
2022-08-01,0.03,0,"Bachelors",0.0333333333333334
2022-08-01,0.03,0,"Masters",1.06666666666667
2022-08-01,0.03,0,"No Highschool",0.733333333333333
2022-09-01,0,0,"Advanced Degree",0.7
2022-09-01,0,0,"Bachelors",-0.0333333333333332
2022-09-01,0,0,"Masters",0.833333333333333
2022-09-01,0,0,"No Highschool",0.666666666666667
2022-10-01,0.07,0,"Advanced Degree",0.466666666666667
2022-10-01,0.07,0,"Bachelors",-0.0333333333333334
2022-10-01,0.07,0,"Masters",0.5
2022-10-01,0.07,0,"No Highschool",0.8
2022-11-01,0.07,0,"Advanced Degree",0.366666666666666
2022-11-01,0.07,0,"Bachelors",0.0333333333333334
2022-11-01,0.07,0,"Masters",0.3
2022-11-01,0.07,0,"No Highschool",0.266666666666666
2022-12-01,0.03,0,"Advanced Degree",0.366666666666666
2022-12-01,0.03,0,"Bachelors",0.0666666666666667
2022-12-01,0.03,0,"Masters",0.233333333333333
2022-12-01,0.03,0,"No Highschool",0.0999999999999996
2023-01-01,-0.07,0,"Advanced Degree",0.366666666666666
2023-01-01,-0.07,0,"Bachelors",0.1
2023-01-01,-0.07,0,"Masters",0.2
2023-01-01,-0.07,0,"No Highschool",-0.433333333333334
2023-02-01,0,0,"Advanced Degree",0.233333333333333
2023-02-01,0,0,"Bachelors",0.1
2023-02-01,0,0,"Masters",0.0999999999999999
2023-02-01,0,0,"No Highschool",0.5
2023-03-01,0,0,"Advanced Degree",0.0666666666666667
2023-03-01,0,0,"Bachelors",0.133333333333333
2023-03-01,0,0,"Masters",0.166666666666667
2023-03-01,0,0,"No Highschool",0.5
2023-04-01,0,0,"Advanced Degree",-0.0333333333333332
2023-04-01,0,0,"Bachelors",0.1
2023-04-01,0,0,"Masters",0.2
2023-04-01,0,0,"No Highschool",0.766666666666667
2023-05-01,0.03,0,"Advanced Degree",0.0333333333333332
2023-05-01,0.03,0,"Bachelors",0.133333333333333
2023-05-01,0.03,0,"Masters",0.2
2023-05-01,0.03,0,"No Highschool",0.699999999999999
2023-06-01,0.07,0,"Advanced Degree",0.2
2023-06-01,0.07,0,"Bachelors",0.1
2023-06-01,0.07,0,"Masters",0.4
2023-06-01,0.07,0,"No Highschool",1.03333333333333
2023-07-01,0.1,0,"Advanced Degree",0.466666666666667
2023-07-01,0.1,0,"Bachelors",0.133333333333333
2023-07-01,0.1,0,"Masters",0.666666666666667
2023-07-01,0.1,0,"No Highschool",0.966666666666666
2023-08-01,0.13,0,"Advanced Degree",0.733333333333333
2023-08-01,0.13,0,"Bachelors",0.166666666666667
2023-08-01,0.13,0,"Masters",1
2023-08-01,0.13,0,"No Highschool",0.833333333333333
2023-09-01,0.2,0,"Advanced Degree",0.7
2023-09-01,0.2,0,"Bachelors",0.266666666666667
2023-09-01,0.2,0,"Masters",0.9
2023-09-01,0.2,0,"No Highschool",0.633333333333333
2023-10-01,0.33,0,"Advanced Degree",0.6
2023-10-01,0.33,0,"Bachelors",0.3
2023-10-01,0.33,0,"Masters",0.766666666666667
2023-10-01,0.33,0,"No Highschool",0.8
2023-11-01,0.3,0,"Advanced Degree",0.433333333333333
2023-11-01,0.3,0,"Bachelors",0.233333333333333
2023-11-01,0.3,0,"Masters",0.433333333333334
2023-11-01,0.3,0,"No Highschool",1.16666666666667
2023-12-01,0.23,0,"Advanced Degree",0.4
2023-12-01,0.23,0,"Bachelors",0.166666666666667
2023-12-01,0.23,0,"Masters",0.366666666666667
2023-12-01,0.23,0,"No Highschool",1.4
2024-01-01,0.2,0,"Advanced Degree",0.433333333333333
2024-01-01,0.2,0,"Bachelors",0.133333333333334
2024-01-01,0.2,0,"Masters",0.333333333333333
2024-01-01,0.2,0,"No Highschool",1.5
2024-02-01,0.27,0,"Advanced Degree",0.333333333333333
2024-02-01,0.27,0,"Bachelors",0.166666666666667
2024-02-01,0.27,0,"Masters",0.333333333333333
2024-02-01,0.27,0,"No Highschool",0.933333333333334
2024-03-01,0.3,0,"Advanced Degree",0.333333333333333
2024-03-01,0.3,0,"Bachelors",0.2
2024-03-01,0.3,0,"Masters",0.266666666666667
2024-03-01,0.3,0,"No Highschool",0.566666666666666
2024-04-01,0.37,0,"Advanced Degree",0.3
2024-04-01,0.37,0,"Bachelors",0.233333333333334
2024-04-01,0.37,0,"Masters",0.333333333333333
2024-04-01,0.37,0,"No Highschool",0.433333333333334
2024-05-01,0.37,0,"Advanced Degree",0.266666666666667
2024-05-01,0.37,0,"Bachelors",0.2
2024-05-01,0.37,0,"Masters",0.333333333333333
2024-05-01,0.37,0,"No Highschool",0.333333333333333
2024-06-01,0.43,0,"Advanced Degree",0.266666666666667
2024-06-01,0.43,0,"Bachelors",0.266666666666667
2024-06-01,0.43,0,"Masters",0.4
2024-06-01,0.43,0,"No Highschool",0.666666666666667
2024-07-01,0.53,0,"Advanced Degree",0.333333333333333
2024-07-01,0.53,0,"Bachelors",0.266666666666667
2024-07-01,0.53,0,"Masters",0.533333333333333
2024-07-01,0.53,0,"No Highschool",0.899999999999999
2024-08-01,0.57,0,"Advanced Degree",0.666666666666667
2024-08-01,0.57,0,"Bachelors",0.366666666666666
2024-08-01,0.57,0,"Masters",0.900000000000001
2024-08-01,0.57,0,"No Highschool",1.26666666666667
2024-09-01,0.5,0,"Advanced Degree",0.533333333333334
2024-09-01,0.5,0,"Bachelors",0.266666666666666
2024-09-01,0.5,0,"Masters",0.733333333333334
2024-09-01,0.5,0,"No Highschool",1.53333333333333
2024-10-01,0.43,0,"Advanced Degree",0.366666666666667
2024-10-01,0.43,0,"Bachelors",0.333333333333333
2024-10-01,0.43,0,"Masters",0.533333333333333
2024-10-01,0.43,0,"No Highschool",1.33333333333333
2024-11-01,0.43,0,"Advanced Degree",0.0333333333333334
2024-11-01,0.43,0,"Bachelors",0.333333333333333
2024-11-01,0.43,0,"Masters",0.2
2024-11-01,0.43,0,"No Highschool",0.833333333333334
2024-12-01,0.4,0,"Advanced Degree",0
2024-12-01,0.4,0,"Bachelors",0.366666666666667
2024-12-01,0.4,0,"Masters",0.233333333333334
2024-12-01,0.4,0,"No Highschool",0.433333333333334
2025-01-01,0.37,0,"Advanced Degree",0.1
2025-01-01,0.37,0,"Bachelors",0.299999999999999
2025-01-01,0.37,0,"Masters",0.3
2025-01-01,0.37,0,"No Highschool",-0.0333333333333323
2025-02-01,0.27,0,"Advanced Degree",0.3
2025-02-01,0.27,0,"Bachelors",0.266666666666666
2025-02-01,0.27,0,"Masters",0.433333333333333
2025-02-01,0.27,0,"No Highschool",0
2025-03-01,0.27,0,"Advanced Degree",0.5
2025-03-01,0.27,0,"Bachelors",0.3
2025-03-01,0.27,0,"Masters",0.566666666666666
2025-03-01,0.27,0,"No Highschool",0.0666666666666664
2025-04-01,0.27,0,"Advanced Degree",0.4
2025-04-01,0.27,0,"Bachelors",0.366666666666667
2025-04-01,0.27,0,"Masters",0.366666666666667
2025-04-01,0.27,0,"No Highschool",0.366666666666666
2025-05-01,0.27,0,"Advanced Degree",0.366666666666667
2025-05-01,0.27,0,"Bachelors",0.4
2025-05-01,0.27,0,"Masters",0.333333333333333
2025-05-01,0.27,0,"No Highschool",0.199999999999999
