date,sahm,recession,category,value
1995-08-01,0.13,0,Consumer Sentinent,0
1995-08-01,0.13,0,U3,0.1999999999999993
1995-08-01,0.13,0,U6,0.13333333333333464
1995-08-01,0.13,0,Uncertainty,0
1995-08-01,0.13,0,Yield Spread,0.20456069751844286
1995-09-01,0.13,0,Consumer Sentinent,0.17540322580645107
1995-09-01,0.13,0,U3,0.1999999999999993
1995-09-01,0.13,0,U6,0.16666666666666785
1995-09-01,0.13,0,Uncertainty,0
1995-09-01,0.13,0,Yield Spread,0.1911468812877244
1995-10-01,0.07,0,Consumer Sentinent,0.2741935483870961
1995-10-01,0.07,0,U3,0.13333333333333286
1995-10-01,0.07,0,U6,0.13333333333333464
1995-10-01,0.07,0,Uncertainty,0
1995-10-01,0.07,0,Yield Spread,0.14419852448021242
1995-11-01,0.07,0,Consumer Sentinent,0.3165322580645147
1995-11-01,0.07,0,U3,0.1
1995-11-01,0.07,0,U6,0.13333333333333464
1995-11-01,0.07,0,Uncertainty,0
1995-11-01,0.07,0,Yield Spread,0.14084507042253325
1995-12-01,0.07,0,Consumer Sentinent,0.3467741935483857
1995-12-01,0.07,0,U3,0.1
1995-12-01,0.07,0,U6,0.066666667
1995-12-01,0.07,0,Uncertainty,0.10652955850786083
1995-12-01,0.07,0,Yield Spread,0.12072434607645643
1996-01-01,0.17,0,Consumer Sentinent,0.35685483870967705
1996-01-01,0.17,0,U3,0.13333333333333286
1996-01-01,0.17,0,U6,1.7763568394002505e-15
1996-01-01,0.17,0,Uncertainty,0.23002842722051375
1996-01-01,0.17,0,Yield Spread,0.1341381623071749
1996-02-01,0.13,0,Consumer Sentinent,0.44153225806451557
1996-02-01,0.13,0,U3,0.1
1996-02-01,0.13,0,U6,0
1996-02-01,0.13,0,Uncertainty,0.22277658525265376
1996-02-01,0.13,0,Yield Spread,0.22468142186451967
1996-03-01,0.1,0,Consumer Sentinent,0.4556451612903234
1996-03-01,0.1,0,U3,0.066666667
1996-03-01,0.1,0,U6,0
1996-03-01,0.1,0,Uncertainty,0.20312409351975358
1996-03-01,0.1,0,Yield Spread,0.2984574111334686
1996-04-01,-0.03,0,Consumer Sentinent,0.5262096774193563
1996-04-01,-0.03,0,U3,0
1996-04-01,-0.03,0,U6,0.066666667
1996-04-01,-0.03,0,Uncertainty,0.2469735646187461
1996-04-01,-0.03,0,Yield Spread,0.36552649228705647
1996-05-01,0.03,0,Consumer Sentinent,0.5161290322580663
1996-05-01,0.03,0,U3,0.033333333
1996-05-01,0.03,0,U6,0
1996-05-01,0.03,0,Uncertainty,0.2964552996461096
1996-05-01,0.03,0,Yield Spread,0.4292421193829661
1996-06-01,-0.07,0,Consumer Sentinent,0.4717741935483888
1996-06-01,-0.07,0,U3,0
1996-06-01,-0.07,0,U6,0
1996-06-01,-0.07,0,Uncertainty,0.27861576840517444
1996-06-01,-0.07,0,Yield Spread,0.4292421193829652
1996-07-01,0,0,Consumer Sentinent,0.3407258064516152
1996-07-01,0,0,U3,0
1996-07-01,0,0,U6,0
1996-07-01,0,0,Uncertainty,0.21528301521919857
1996-07-01,0,0,Yield Spread,0.40576794097921187
1996-08-01,-0.17,0,Consumer Sentinent,0.25403225806451735
1996-08-01,-0.17,0,U3,0
1996-08-01,-0.17,0,U6,0
1996-08-01,-0.17,0,Uncertainty,0.11489334957745911
1996-08-01,-0.17,0,Yield Spread,0.3487592219986624
1996-09-01,-0.03,0,Consumer Sentinent,0.14516129032258096
1996-09-01,-0.03,0,U3,0
1996-09-01,-0.03,0,U6,0
1996-09-01,-0.03,0,Uncertainty,0.005704782
1996-09-01,-0.03,0,Yield Spread,0.3454057679409823
1996-10-01,-0.07,0,Consumer Sentinent,0
1996-10-01,-0.07,0,U3,0
1996-10-01,-0.07,0,U6,0
1996-10-01,-0.07,0,Uncertainty,0
1996-10-01,-0.07,0,Yield Spread,0.3688799463447374
1996-11-01,0.1,0,Consumer Sentinent,0
1996-11-01,0.1,0,U3,0.10000000000000053
1996-11-01,0.1,0,U6,0
1996-11-01,0.1,0,Uncertainty,0
1996-11-01,0.1,0,Yield Spread,0.3219315895372237
1996-12-01,0.07,0,Consumer Sentinent,0
1996-12-01,0.07,0,U3,0.16666666666666785
1996-12-01,0.07,0,U6,0.033333333
1996-12-01,0.07,0,Uncertainty,0
1996-12-01,0.07,0,Yield Spread,0.28839704896043017
1997-01-01,0.13,0,Consumer Sentinent,0
1997-01-01,0.13,0,U3,0.20000000000000107
1997-01-01,0.13,0,U6,0
1997-01-01,0.13,0,Uncertainty,0
1997-01-01,0.13,0,Yield Spread,0.2649228705566733
1997-02-01,0.13,0,Consumer Sentinent,0
1997-02-01,0.13,0,U3,0.13333333333333464
1997-02-01,0.13,0,U6,0
1997-02-01,0.13,0,Uncertainty,0
1997-02-01,0.13,0,Yield Spread,0.1441985244802142
1997-03-01,0.1,0,Consumer Sentinent,0
1997-03-01,0.1,0,U3,0.066666667
1997-03-01,0.1,0,U6,0
1997-03-01,0.1,0,Uncertainty,0
1997-03-01,0.1,0,Yield Spread,0.026827632
1997-04-01,-0.07,0,Consumer Sentinent,0
1997-04-01,-0.07,0,U3,8.881784197001252e-16
1997-04-01,-0.07,0,U6,0
1997-04-01,-0.07,0,Uncertainty,0
1997-04-01,-0.07,0,Yield Spread,0
1997-05-01,-0.17,0,Consumer Sentinent,0
1997-05-01,-0.17,0,U3,0
1997-05-01,-0.17,0,U6,0
1997-05-01,-0.17,0,Uncertainty,0.01834716
1997-05-01,-0.17,0,Yield Spread,0
1997-06-01,-0.07,0,Consumer Sentinent,0
1997-06-01,-0.07,0,U3,0
1997-06-01,-0.07,0,U6,0
1997-06-01,-0.07,0,Uncertainty,0.036791012
1997-06-01,-0.07,0,Yield Spread,0
1997-07-01,-0.03,0,Consumer Sentinent,0
1997-07-01,-0.03,0,U3,0
1997-07-01,-0.03,0,U6,0
1997-07-01,-0.03,0,Uncertainty,0.025478138
1997-07-01,-0.03,0,Yield Spread,0
1997-08-01,0.03,0,Consumer Sentinent,0
1997-08-01,0.03,0,U3,0
1997-08-01,0.03,0,U6,0
1997-08-01,0.03,0,Uncertainty,0.03807217
1997-08-01,0.03,0,Yield Spread,0
1997-09-01,0,0,Consumer Sentinent,0
1997-09-01,0,0,U3,0
1997-09-01,0,0,U6,0
1997-09-01,0,0,Uncertainty,0
1997-09-01,0,0,Yield Spread,0
1997-10-01,-0.03,0,Consumer Sentinent,0
1997-10-01,-0.03,0,U3,0
1997-10-01,-0.03,0,U6,0
1997-10-01,-0.03,0,Uncertainty,0.024487053044806806
1997-10-01,-0.03,0,Yield Spread,0
1997-11-01,-0.1,0,Consumer Sentinent,0
1997-11-01,-0.1,0,U3,0
1997-11-01,-0.1,0,U6,0
1997-11-01,-0.1,0,Uncertainty,0.063912901
1997-11-01,-0.1,0,Yield Spread,0
1997-12-01,-0.07,0,Consumer Sentinent,0
1997-12-01,-0.07,0,U3,0
1997-12-01,-0.07,0,U6,0
1997-12-01,-0.07,0,Uncertainty,0.078416584
1997-12-01,-0.07,0,Yield Spread,0
1998-01-01,-0.03,0,Consumer Sentinent,0
1998-01-01,-0.03,0,U3,0
1998-01-01,-0.03,0,U6,0
1998-01-01,-0.03,0,Uncertainty,0.15830771015837974
1998-01-01,-0.03,0,Yield Spread,0
1998-02-01,0,0,Consumer Sentinent,0
1998-02-01,0,0,U3,0
1998-02-01,0,0,U6,0
1998-02-01,0,0,Uncertainty,0.17561543965500526
1998-02-01,0,0,Yield Spread,0
1998-03-01,0,0,Consumer Sentinent,0.012096774193548376
1998-03-01,0,0,U3,0
1998-03-01,0,0,U6,0
1998-03-01,0,0,Uncertainty,0.20687087853648123
1998-03-01,0,0,Yield Spread,0
1998-04-01,-0.13,0,Consumer Sentinent,0
1998-04-01,-0.13,0,U3,0
1998-04-01,-0.13,0,U6,0
1998-04-01,-0.13,0,Uncertainty,0.2281912939219891
1998-04-01,-0.13,0,Yield Spread,0
1998-05-01,-0.1,0,Consumer Sentinent,0
1998-05-01,-0.1,0,U3,0
1998-05-01,-0.1,0,U6,0
1998-05-01,-0.1,0,Uncertainty,0.2658525265417412
1998-05-01,-0.1,0,Yield Spread,0
1998-06-01,-0.07,0,Consumer Sentinent,0
1998-06-01,-0.07,0,U3,0
1998-06-01,-0.07,0,U6,0
1998-06-01,-0.07,0,Uncertainty,0.24131712788381532
1998-06-01,-0.07,0,Yield Spread,0
1998-07-01,0.07,0,Consumer Sentinent,0.040322581
1998-07-01,0.07,0,U3,0.066666667
1998-07-01,0.07,0,U6,0.066666667
1998-07-01,0.07,0,Uncertainty,0.2096990969039465
1998-07-01,0.07,0,Yield Spread,0
1998-08-01,0.13,0,Consumer Sentinent,0
1998-08-01,0.13,0,U3,0.1
1998-08-01,0.13,0,U6,0.033333333
1998-08-01,0.13,0,Uncertainty,0.3486202162015818
1998-08-01,0.13,0,Yield Spread,0
1998-09-01,0.17,0,Consumer Sentinent,0.11491935483870952
1998-09-01,0.17,0,U3,0.13333333333333286
1998-09-01,0.17,0,U6,0
1998-09-01,0.17,0,Uncertainty,0.45280501247316807
1998-09-01,0.17,0,Yield Spread,0.01676727
1998-10-01,0.2,0,Consumer Sentinent,0.377016129
1998-10-01,0.2,0,U3,0.13333333333333286
1998-10-01,0.2,0,U6,0
1998-10-01,0.2,0,Uncertainty,0.49771808706078036
1998-10-01,0.2,0,Yield Spread,0.14084507042253502
1998-11-01,0.17,0,Consumer Sentinent,0.4536290322580643
1998-11-01,0.17,0,U3,0.1
1998-11-01,0.17,0,U6,0
1998-11-01,0.17,0,Uncertainty,0.5170321595018476
1998-11-01,0.17,0,Yield Spread,0.21797451374916132
1998-12-01,0,0,Consumer Sentinent,0.6189516129032255
1998-12-01,0,0,U3,0.033333333333333215
1998-12-01,0,0,U6,0
1998-12-01,0,0,Uncertainty,0.5164036665312997
1998-12-01,0,0,Yield Spread,0.27162977867203164
1999-01-01,-0.07,0,Consumer Sentinent,0.6713709677419344
1999-01-01,-0.07,0,U3,0
1999-01-01,-0.07,0,U6,0
1999-01-01,-0.07,0,Uncertainty,0.4964852739262452
1999-01-01,-0.07,0,Yield Spread,0.3085177733065052
1999-02-01,0,0,Consumer Sentinent,0.6209677419354829
1999-02-01,0,0,U3,0
1999-02-01,0,0,U6,0
1999-02-01,0,0,Uncertainty,0.4815706522790134
1999-02-01,0,0,Yield Spread,0.32528504359490196
1999-03-01,-0.03,0,Consumer Sentinent,0.6108870967741917
1999-03-01,-0.03,0,U3,0
1999-03-01,-0.03,0,U6,0
1999-03-01,-0.03,0,Uncertainty,0.42164626481793155
1999-03-01,-0.03,0,Yield Spread,0.3386988598256204
1999-04-01,0,0,Consumer Sentinent,0.6068548387096766
1999-04-01,0,0,U3,0
1999-04-01,0,0,U6,0.033333333
1999-04-01,0,0,Uncertainty,0.24757788478273568
1999-04-01,0,0,Yield Spread,0.2615694164989941
1999-05-01,-0.07,0,Consumer Sentinent,0.48790322580645107
1999-05-01,-0.07,0,U3,0
1999-05-01,-0.07,0,U6,0
1999-05-01,-0.07,0,Uncertainty,0
1999-05-01,-0.07,0,Yield Spread,0.2615694164989941
1999-06-01,0.03,0,Consumer Sentinent,0.2883064516129026
1999-06-01,0.03,0,U3,0.033333333
1999-06-01,0.03,0,U6,0
1999-06-01,0.03,0,Uncertainty,0
1999-06-01,0.03,0,Yield Spread,0.3085177733065061
1999-07-01,0.03,0,Consumer Sentinent,0.22177419354838657
1999-07-01,0.03,0,U3,0.033333333
1999-07-01,0.03,0,U6,0
1999-07-01,0.03,0,Uncertainty,0
1999-07-01,0.03,0,Yield Spread,0.3521126760563389
1999-08-01,0.03,0,Consumer Sentinent,0.14112903225806406
1999-08-01,0.03,0,U3,0.033333333
1999-08-01,0.03,0,U6,0
1999-08-01,0.03,0,Uncertainty,0
1999-08-01,0.03,0,Yield Spread,0.39906103286385086
1999-09-01,0,0,Consumer Sentinent,0.074596774
1999-09-01,0,0,U3,0
1999-09-01,0,0,U6,0
1999-09-01,0,0,Uncertainty,0
1999-09-01,0,0,Yield Spread,0.4057679409792101
1999-10-01,-0.07,0,Consumer Sentinent,0.17338709677419417
1999-10-01,-0.07,0,U3,0
1999-10-01,-0.07,0,U6,0
1999-10-01,-0.07,0,Uncertainty,0
1999-10-01,-0.07,0,Yield Spread,0.2951039570757885
1999-11-01,-0.03,0,Consumer Sentinent,0.14314516129032373
1999-11-01,-0.03,0,U3,0
1999-11-01,-0.03,0,U6,0
1999-11-01,-0.03,0,Uncertainty,0
1999-11-01,-0.03,0,Yield Spread,0.1777330650570086
1999-12-01,-0.03,0,Consumer Sentinent,0.12701612903225867
1999-12-01,-0.03,0,U3,0
1999-12-01,-0.03,0,U6,0
1999-12-01,-0.03,0,Uncertainty,0.054147087
1999-12-01,-0.03,0,Yield Spread,0.097250168
2000-01-01,-0.03,0,Consumer Sentinent,0.022177419
2000-01-01,-0.03,0,U3,0
2000-01-01,-0.03,0,U6,0
2000-01-01,-0.03,0,Uncertainty,0.076942043
2000-01-01,-0.03,0,Yield Spread,0.09054326
2000-02-01,0,0,Consumer Sentinent,0
2000-02-01,0,0,U3,0
2000-02-01,0,0,U6,0
2000-02-01,0,0,Uncertainty,0.075950958
2000-02-01,0,0,Yield Spread,0
2000-03-01,0,0,Consumer Sentinent,0
2000-03-01,0,0,U3,0
2000-03-01,0,0,U6,0
2000-03-01,0,0,Uncertainty,0.065604997
2000-03-01,0,0,Yield Spread,0
2000-04-01,-0.03,0,Consumer Sentinent,0
2000-04-01,-0.03,0,U3,0
2000-04-01,-0.03,0,U6,0
2000-04-01,-0.03,0,Uncertainty,0.077788092
2000-04-01,-0.03,0,Yield Spread,0
2000-05-01,0,0,Consumer Sentinent,0
2000-05-01,0,0,U3,0
2000-05-01,0,0,U6,0
2000-05-01,0,0,Uncertainty,0.12306375819458121
2000-05-01,0,0,Yield Spread,0
2000-06-01,-0.03,0,Consumer Sentinent,0
2000-06-01,-0.03,0,U3,0
2000-06-01,-0.03,0,U6,0
2000-06-01,-0.03,0,Uncertainty,0.15006478312157934
2000-06-01,-0.03,0,Yield Spread,0
2000-07-01,0.03,0,Consumer Sentinent,0
2000-07-01,0.03,0,U3,0.066666667
2000-07-01,0.03,0,U6,0.033333333333333215
2000-07-01,0.03,0,Uncertainty,0.14846937788865022
2000-07-01,0.03,0,Yield Spread,0
2000-08-01,0.03,0,Consumer Sentinent,0
2000-08-01,0.03,0,U3,0.10000000000000009
2000-08-01,0.03,0,U6,0.033333333333333215
2000-08-01,0.03,0,Uncertainty,0.086949585
2000-08-01,0.03,0,Yield Spread,0
2000-09-01,0,0,Consumer Sentinent,0.10483870967741937
2000-09-01,0,0,U3,0.066666667
2000-09-01,0,0,U6,0.033333333333333215
2000-09-01,0,0,Uncertainty,0.11218599524279144
2000-09-01,0,0,Yield Spread,0
2000-10-01,-0.03,0,Consumer Sentinent,0.21572580645161288
2000-10-01,-0.03,0,U3,0.033333333
2000-10-01,-0.03,0,U6,0
2000-10-01,-0.03,0,Uncertainty,0.15325559358743773
2000-10-01,-0.03,0,Yield Spread,0.080482897
2000-11-01,-0.03,0,Consumer Sentinent,0.2056451612903225
2000-11-01,-0.03,0,U3,0
2000-11-01,-0.03,0,U6,0
2000-11-01,-0.03,0,Uncertainty,0.3302730560228965
2000-11-01,-0.03,0,Yield Spread,0.15090543259557343
2000-12-01,0.03,0,Consumer Sentinent,0.42338709677419295
2000-12-01,0.03,0,U3,0
2000-12-01,0.03,0,U6,0
2000-12-01,0.03,0,Uncertainty,0.43293496548123234
2000-12-01,0.03,0,Yield Spread,0.24144869215291687
2001-01-01,0.13,0,Consumer Sentinent,0.7459677419354832
2001-01-01,0.13,0,U3,0.1
2001-01-01,0.13,0,U6,0.16666666666666696
2001-01-01,0.13,0,Uncertainty,0.5319226083425194
2001-01-01,0.13,0,Yield Spread,0.47283702213279666
2001-02-01,0.2,0,Consumer Sentinent,1.064516129032258
2001-02-01,0.2,0,U3,0.20000000000000018
2001-02-01,0.2,0,U6,0.2333333333333334
2001-02-01,0.2,0,Uncertainty,0.6649213900330683
2001-02-01,0.2,0,Yield Spread,0.7545271629778685
2001-03-01,0.3,0,Consumer Sentinent,1.4032258064516134
2001-03-01,0.3,0,U3,0.33333333333333304
2001-03-01,0.3,0,U6,0.36666666666666625
2001-03-01,0.3,0,Uncertainty,0.8355572315368099
2001-03-01,0.3,0,Yield Spread,1.0295103957075802
2001-04-01,0.4,1,Consumer Sentinent,1.7842741935483866
2001-04-01,0.4,1,U3,0.39999999999999947
2001-04-01,0.4,1,U6,0.3999999999999986
2001-04-01,0.4,1,Uncertainty,0.9624402931677973
2001-04-01,0.4,1,Yield Spread,1.3916834339369566
2001-05-01,0.47,1,Consumer Sentinent,2.0826612903225796
2001-05-01,0.47,1,U3,0.4333333333333327
2001-05-01,0.47,1,U6,0.466666667
2001-05-01,0.47,1,Uncertainty,1.0217361876583306
2001-05-01,0.47,1,Yield Spread,1.824279007
2001-06-01,0.53,1,Consumer Sentinent,2.3487903225806446
2001-06-01,0.53,1,U3,0.4999999999999991
2001-06-01,0.53,1,U6,0.6666666666666643
2001-06-01,0.53,1,Uncertainty,1.0289396840130713
2001-06-01,0.53,1,Yield Spread,2.263581488933603
2001-07-01,0.53,1,Consumer Sentinent,2.6552419354838697
2001-07-01,0.53,1,U3,0.5666666666666655
2001-07-01,0.53,1,U6,0.8333333333333313
2001-07-01,0.53,1,Uncertainty,0.9169712440293152
2001-07-01,0.53,1,Yield Spread,2.531857813547956
2001-08-01,0.7,1,Consumer Sentinent,2.7943548387096775
2001-08-01,0.7,1,U3,0.7666666666666657
2001-08-01,0.7,1,U6,1.0666666666666647
2001-08-01,0.7,1,Uncertainty,0.8111185241051211
2001-08-01,0.7,1,Yield Spread,2.7900737759892693
2001-09-01,0.83,1,Consumer Sentinent,3.0544354838709675
2001-09-01,0.83,1,U3,0.9333333333333327
2001-09-01,0.83,1,U6,1.3333333333333304
2001-09-01,0.83,1,Uncertainty,1.0550704879039263
2001-09-01,0.83,1,Yield Spread,3.1488933601609648
2001-10-01,1.13,1,Consumer Sentinent,3.2137096774193536
2001-10-01,1.13,1,U3,1.166666666666666
2001-10-01,1.13,1,U6,1.7999999999999954
2001-10-01,1.13,1,Uncertainty,1.2899334764363477
2001-10-01,1.13,1,Yield Spread,3.3802816901408446
2001-11-01,1.4,1,Consumer Sentinent,3.3669354838709658
2001-11-01,1.4,1,U3,1.3666666666666663
2001-11-01,1.4,1,U6,2.1999999999999957
2001-11-01,1.4,1,Uncertainty,1.1852652240335715
2001-11-01,1.4,1,Yield Spread,3.5580147551978523
2001-12-01,1.63,0,Consumer Sentinent,3.3588709677419346
2001-12-01,1.63,0,U3,1.5999999999999996
2001-12-01,1.63,0,U6,2.4999999999999947
2001-12-01,1.63,0,Uncertainty,1.0826033145752358
2001-12-01,1.63,0,Yield Spread,3.729040912139502
2002-01-01,1.6,0,Consumer Sentinent,3.3387096774193545
2002-01-01,1.6,0,U3,1.6333333333333329
2002-01-01,1.6,0,U6,2.5333333333333297
2002-01-01,1.6,0,Uncertainty,1.081733093539093
2002-01-01,1.6,0,Yield Spread,3.769282360831653
2002-02-01,1.5,0,Consumer Sentinent,3.377016129032257
2002-02-01,1.5,0,U3,1.5999999999999988
2002-02-01,1.5,0,U6,2.566666666666663
2002-02-01,1.5,0,Uncertainty,0.9878459128618682
2002-02-01,1.5,0,Yield Spread,3.718980549966461
2002-03-01,1.37,0,Consumer Sentinent,3.310483870967742
2002-03-01,1.37,0,U3,1.466666666666666
2002-03-01,1.37,0,U6,2.4999999999999947
2002-03-01,1.37,0,Uncertainty,0.8264199106573105
2002-03-01,1.37,0,Yield Spread,3.484238765928903
2002-04-01,1.4,0,Consumer Sentinent,3.2802419354838706
2002-04-01,1.4,0,U3,1.4666666666666668
2002-04-01,1.4,0,U6,2.599999999999996
2002-04-01,1.4,0,Uncertainty,0.8111426969116855
2002-04-01,1.4,0,Yield Spread,3.1052984574111306
2002-05-01,1.43,0,Consumer Sentinent,2.975806451612903
2002-05-01,1.43,0,U3,1.4666666666666677
2002-05-01,1.43,0,U6,2.6333333333333275
2002-05-01,1.43,0,Uncertainty,0.46085455705749534
2002-05-01,1.43,0,Yield Spread,2.6827632461435247
2002-06-01,1.4,0,Consumer Sentinent,2.7802419354838706
2002-06-01,1.4,0,U3,1.4333333333333353
2002-06-01,1.4,0,U6,2.4999999999999956
2002-06-01,1.4,0,Uncertainty,0.099857864
2002-06-01,1.4,0,Yield Spread,2.226693494299126
2002-07-01,1.33,0,Consumer Sentinent,2.695564516129032
2002-07-01,1.33,0,U3,1.3333333333333348
2002-07-01,1.33,0,U6,2.399999999999994
2002-07-01,1.33,0,Uncertainty,0.032584943
2002-07-01,1.33,0,Yield Spread,1.9885982562038889
2002-08-01,1.13,0,Consumer Sentinent,2.614919354838709
2002-08-01,1.13,0,U3,1.1000000000000005
2002-08-01,1.13,0,U6,2.2666666666666613
2002-08-01,1.13,0,Uncertainty,0.002103034
2002-08-01,1.13,0,Yield Spread,1.804158283031521
2002-09-01,0.9,0,Consumer Sentinent,2.653225806451612
2002-09-01,0.9,0,U3,0.9000000000000004
2002-09-01,0.9,0,U6,2.266666666666664
2002-09-01,0.9,0,Uncertainty,0
2002-09-01,0.9,0,Yield Spread,1.4922870556673375
2002-10-01,0.57,0,Consumer Sentinent,2.856854838709677
2002-10-01,0.57,0,U3,0.6333333333333329
2002-10-01,0.57,0,U6,2.1999999999999975
2002-10-01,0.57,0,Uncertainty,0.064275493
2002-10-01,0.57,0,Yield Spread,1.2608987256874586
2002-11-01,0.43,0,Consumer Sentinent,2.870967741935484
2002-11-01,0.43,0,U3,0.5
2002-11-01,0.43,0,U6,2.0666666666666647
2002-11-01,0.43,0,Uncertainty,0.1660913538705493
2002-11-01,0.43,0,Yield Spread,1.0898725687458084
2002-12-01,0.3,0,Consumer Sentinent,2.6754032258064515
2002-12-01,0.3,0,U3,0.36666666666666714
2002-12-01,0.3,0,U6,1.9666666666666641
2002-12-01,0.3,0,Uncertainty,0.35741911778925095
2002-12-01,0.3,0,Yield Spread,0.9188464118041582
2003-01-01,0.23,0,Consumer Sentinent,2.649193548387097
2003-01-01,0.23,0,U3,0.2666666666666684
2003-01-01,0.23,0,U6,1.8333333333333321
2003-01-01,0.23,0,Uncertainty,0.5873266809769673
2003-01-01,0.23,0,Yield Spread,0.7176391683433936
2003-02-01,0.2,0,Consumer Sentinent,2.5625
2003-02-01,0.2,0,U3,0.20000000000000195
2003-02-01,0.2,0,U6,1.6666666666666643
2003-02-01,0.2,0,Uncertainty,0.841262014
2003-02-01,0.2,0,Yield Spread,0.5365526492287067
2003-03-01,0.13,0,Consumer Sentinent,2.393145161290323
2003-03-01,0.13,0,U3,0.16666666666666874
2003-03-01,0.13,0,U6,1.2666666666666657
2003-03-01,0.13,0,Uncertainty,1.049172323
2003-03-01,0.13,0,Yield Spread,0.6405097250167646
2003-04-01,0.13,0,Consumer Sentinent,2.127016129032259
2003-04-01,0.13,0,U3,0.23333333333333517
2003-04-01,0.13,0,U6,0.966666667
2003-04-01,0.13,0,Uncertainty,1.0987749221635612
2003-04-01,0.13,0,Yield Spread,0.7444668008048261
2003-05-01,0.2,0,Consumer Sentinent,1.739919355
2003-05-01,0.2,0,U3,0.3000000000000016
2003-05-01,0.2,0,U6,0.6666666666666679
2003-05-01,0.2,0,Uncertainty,1.045038773
2003-05-01,0.2,0,Yield Spread,0.7511737089201844
2003-06-01,0.4,0,Consumer Sentinent,1.2500000000000009
2003-06-01,0.4,0,U3,0.43333333333333446
2003-06-01,0.4,0,U6,0.7666666666666675
2003-06-01,0.4,0,Uncertainty,0.9869273462126031
2003-06-01,0.4,0,Yield Spread,0.7209926224010683
2003-07-01,0.47,0,Consumer Sentinent,1.0745967741935476
2003-07-01,0.47,0,U3,0.5000000000000009
2003-07-01,0.47,0,U6,0.8000000000000007
2003-07-01,0.47,0,Uncertainty,0.8562491539517691
2003-07-01,0.47,0,Yield Spread,0.7545271629778618
2003-08-01,0.47,0,Consumer Sentinent,1.0221774193548385
2003-08-01,0.47,0,U3,0.5000000000000009
2003-08-01,0.47,0,U6,0.8000000000000025
2003-08-01,0.47,0,Uncertainty,0.7017849200363551
2003-08-01,0.47,0,Yield Spread,0.7847082494969797
2003-09-01,0.37,0,Consumer Sentinent,0.9153225806451615
2003-09-01,0.37,0,U3,0.43333333333333446
2003-09-01,0.37,0,U6,0.7333333333333343
2003-09-01,0.37,0,Uncertainty,0.487589681
2003-09-01,0.37,0,Yield Spread,0.8517773306505667
2003-10-01,0.3,0,Consumer Sentinent,0.7197580645161286
2003-10-01,0.3,0,U3,0.36666666666666803
2003-10-01,0.3,0,U6,0.6666666666666696
2003-10-01,0.3,0,Uncertainty,0.11796329601051925
2003-10-01,0.3,0,Yield Spread,0.8383635144198482
2003-11-01,0.23,0,Consumer Sentinent,0.39516129032258096
2003-11-01,0.23,0,U3,0.20000000000000107
2003-11-01,0.23,0,U6,0.6666666666666696
2003-11-01,0.23,0,Uncertainty,0
2003-11-01,0.23,0,Yield Spread,0.8350100603621708
2003-12-01,0.03,0,Consumer Sentinent,0.2620967741935498
2003-12-01,0.03,0,U3,0
2003-12-01,0.03,0,U6,0.46666666666667034
2003-12-01,0.03,0,Uncertainty,0
2003-12-01,0.03,0,Yield Spread,0.8283031522468125
2004-01-01,-0.1,0,Consumer Sentinent,0.026209677419356314
2004-01-01,-0.1,0,U3,0
2004-01-01,-0.1,0,U6,0.3333333333333375
2004-01-01,-0.1,0,Uncertainty,0
2004-01-01,-0.1,0,Yield Spread,0.7209926224010736
2004-02-01,-0.1,0,Consumer Sentinent,0
2004-02-01,-0.1,0,U3,0
2004-02-01,-0.1,0,U6,0.16666666666666963
2004-02-01,-0.1,0,Uncertainty,0
2004-02-01,-0.1,0,Yield Spread,0.5902079141515735
2004-03-01,0,0,Consumer Sentinent,0
2004-03-01,0,0,U3,0.033333333
2004-03-01,0,0,U6,0.23333333333333606
2004-03-01,0,0,Uncertainty,0
2004-03-01,0,0,Yield Spread,0.3621730382293773
2004-04-01,0,0,Consumer Sentinent,0
2004-04-01,0,0,U3,0
2004-04-01,0,0,U6,0.10000000000000142
2004-04-01,0,0,Uncertainty,0
2004-04-01,0,0,Yield Spread,0.19450033534540978
2004-05-01,0,0,Consumer Sentinent,0
2004-05-01,0,0,U3,0
2004-05-01,0,0,U6,0.033333333
2004-05-01,0,0,Uncertainty,0
2004-05-01,0,0,Yield Spread,0.13078470824950017
2004-06-01,-0.03,0,Consumer Sentinent,0
2004-06-01,-0.03,0,U3,0
2004-06-01,-0.03,0,U6,0
2004-06-01,-0.03,0,Uncertainty,0.032778325694726385
2004-06-01,-0.03,0,Yield Spread,0
2004-07-01,-0.03,0,Consumer Sentinent,0
2004-07-01,-0.03,0,U3,0
2004-07-01,-0.03,0,U6,0
2004-07-01,-0.03,0,Uncertainty,0.031521339753630695
2004-07-01,-0.03,0,Yield Spread,0
2004-08-01,-0.07,0,Consumer Sentinent,0
2004-08-01,-0.07,0,U3,0
2004-08-01,-0.07,0,U6,0
2004-08-01,-0.07,0,Uncertainty,0.023810214461139845
2004-08-01,-0.07,0,Yield Spread,0
2004-09-01,-0.07,0,Consumer Sentinent,0.19354838709677402
2004-09-01,-0.07,0,U3,0
2004-09-01,-0.07,0,U6,0
2004-09-01,-0.07,0,Uncertainty,0
2004-09-01,-0.07,0,Yield Spread,0
2004-10-01,0,0,Consumer Sentinent,0.24798387096774288
2004-10-01,0,0,U3,0
2004-10-01,0,0,U6,0.066666667
2004-10-01,0,0,Uncertainty,0.046460134
2004-10-01,0,0,Yield Spread,0
2004-11-01,0,0,Consumer Sentinent,0.30846774193548576
2004-11-01,0,0,U3,0
2004-11-01,0,0,U6,0.066666667
2004-11-01,0,0,Uncertainty,0.06821566
2004-11-01,0,0,Yield Spread,0
2004-12-01,0,0,Consumer Sentinent,0.2500000000000018
2004-12-01,0,0,U3,0
2004-12-01,0,0,U6,0.033333333
2004-12-01,0,0,Uncertainty,0.020474367
2004-12-01,0,0,Yield Spread,0
2005-01-01,-0.1,0,Consumer Sentinent,0.14314516129032562
2005-01-01,-0.1,0,U3,0
2005-01-01,-0.1,0,U6,0
2005-01-01,-0.1,0,Uncertainty,0
2005-01-01,-0.1,0,Yield Spread,0
2005-02-01,0,0,Consumer Sentinent,0.17338709677419661
2005-02-01,0,0,U3,0
2005-02-01,0,0,U6,0
2005-02-01,0,0,Uncertainty,0
2005-02-01,0,0,Yield Spread,0
2005-03-01,-0.07,0,Consumer Sentinent,0.2560483870967776
2005-03-01,-0.07,0,U3,0
2005-03-01,-0.07,0,U6,0
2005-03-01,-0.07,0,Uncertainty,0
2005-03-01,-0.07,0,Yield Spread,0
2005-04-01,0,0,Consumer Sentinent,0.4213709677419386
2005-04-01,0,0,U3,0
2005-04-01,0,0,U6,0
2005-04-01,0,0,Uncertainty,0
2005-04-01,0,0,Yield Spread,0
2005-05-01,-0.1,0,Consumer Sentinent,0.5685483870967776
2005-05-01,-0.1,0,U3,0
2005-05-01,-0.1,0,U6,0
2005-05-01,-0.1,0,Uncertainty,0
2005-05-01,-0.1,0,Yield Spread,0
2005-06-01,-0.07,0,Consumer Sentinent,0.48185483870968016
2005-06-01,-0.07,0,U3,0
2005-06-01,-0.07,0,U6,0
2005-06-01,-0.07,0,Uncertainty,0
2005-06-01,-0.07,0,Yield Spread,0
2005-07-01,-0.07,0,Consumer Sentinent,0.4072580645161312
2005-07-01,-0.07,0,U3,0
2005-07-01,-0.07,0,U6,0
2005-07-01,-0.07,0,Uncertainty,0
2005-07-01,-0.07,0,Yield Spread,0
2005-08-01,-0.07,0,Consumer Sentinent,0.5685483870967776
2005-08-01,-0.07,0,U3,0
2005-08-01,-0.07,0,U6,0
2005-08-01,-0.07,0,Uncertainty,0.038579799
2005-08-01,-0.07,0,Yield Spread,0
2005-09-01,0.03,0,Consumer Sentinent,0.9435483870967762
2005-09-01,0.03,0,U3,0
2005-09-01,0.03,0,U6,0
2005-09-01,0.03,0,Uncertainty,0.082719344
2005-09-01,0.03,0,Yield Spread,0
2005-10-01,0.03,0,Consumer Sentinent,1.3447580645161317
2005-10-01,0.03,0,U3,0
2005-10-01,0.03,0,U6,0
2005-10-01,0.03,0,Uncertainty,0.080954729
2005-10-01,0.03,0,Yield Spread,0
2005-11-01,0.07,0,Consumer Sentinent,1.5665322580645178
2005-11-01,0.07,0,U3,0.033333333333333215
2005-11-01,0.07,0,U6,0
2005-11-01,0.07,0,Uncertainty,0.064057937
2005-11-01,0.07,0,Yield Spread,0
2005-12-01,-0.03,0,Consumer Sentinent,1.4899193548387117
2005-12-01,-0.03,0,U3,0
2005-12-01,-0.03,0,U6,0
2005-12-01,-0.03,0,Uncertainty,0.048514823
2005-12-01,-0.03,0,Yield Spread,0
2006-01-01,-0.07,0,Consumer Sentinent,1.4032258064516157
2006-01-01,-0.07,0,U3,0
2006-01-01,-0.07,0,U6,0
2006-01-01,-0.07,0,Uncertainty,0.025719866
2006-01-01,-0.07,0,Yield Spread,0
2006-02-01,-0.07,0,Consumer Sentinent,1.5907258064516157
2006-02-01,-0.07,0,U3,0
2006-02-01,-0.07,0,U6,0
2006-02-01,-0.07,0,Uncertainty,0.024269497785771033
2006-02-01,-0.07,0,Yield Spread,0
2006-03-01,-0.07,0,Consumer Sentinent,1.7439516129032278
2006-03-01,-0.07,0,U3,0
2006-03-01,-0.07,0,U6,0
2006-03-01,-0.07,0,Uncertainty,0.025792384599021667
2006-03-01,-0.07,0,Yield Spread,0
2006-04-01,0,0,Consumer Sentinent,1.7782258064516139
2006-04-01,0,0,U3,0
2006-04-01,0,0,U6,0
2006-04-01,0,0,Uncertainty,0.058884957
2006-04-01,0,0,Yield Spread,0
2006-05-01,-0.07,0,Consumer Sentinent,1.7338709677419377
2006-05-01,-0.07,0,U3,0
2006-05-01,-0.07,0,U6,0
2006-05-01,-0.07,0,Uncertainty,0.016026571
2006-05-01,-0.07,0,Yield Spread,0.006706908
2006-06-01,-0.03,0,Consumer Sentinent,1.5181451612903238
2006-06-01,-0.03,0,U3,0
2006-06-01,-0.03,0,U6,0.066666667
2006-06-01,-0.03,0,Uncertainty,0.027847073
2006-06-01,-0.03,0,Yield Spread,0
2006-07-01,0.03,0,Consumer Sentinent,1.4556451612903238
2006-07-01,0.03,0,U3,0
2006-07-01,0.03,0,U6,0.1999999999999993
2006-07-01,0.03,0,Uncertainty,0.090551333
2006-07-01,0.03,0,Yield Spread,0
2006-08-01,0.07,0,Consumer Sentinent,1.5040322580645133
2006-08-01,0.07,0,U3,0.033333333
2006-08-01,0.07,0,U6,0.2666666666666657
2006-08-01,0.07,0,Uncertainty,0.10140492351724012
2006-08-01,0.07,0,Yield Spread,0.023474178403755097
2006-09-01,0.07,0,Consumer Sentinent,1.6209677419354804
2006-09-01,0.07,0,U3,8.881784197001252e-16
2006-09-01,0.07,0,U6,0.13333333333333286
2006-09-01,0.07,0,Uncertainty,0.042181547446384804
2006-09-01,0.07,0,Yield Spread,0.010060362173037518
2006-10-01,-0.07,0,Consumer Sentinent,1.4818548387096744
2006-10-01,-0.07,0,U3,0
2006-10-01,-0.07,0,U6,0.033333333333333215
2006-10-01,-0.07,0,Uncertainty,0.003142465
2006-10-01,-0.07,0,Yield Spread,0
2006-11-01,-0.07,0,Consumer Sentinent,1.4173387096774164
2006-11-01,-0.07,0,U3,0
2006-11-01,-0.07,0,U6,0
2006-11-01,-0.07,0,Uncertainty,2.417280655958587e-5
2006-11-01,-0.07,0,Yield Spread,0
2006-12-01,-0.03,0,Consumer Sentinent,1.3306451612903203
2006-12-01,-0.03,0,U3,0
2006-12-01,-0.03,0,U6,0
2006-12-01,-0.03,0,Uncertainty,0
2006-12-01,-0.03,0,Yield Spread,0
2007-01-01,0.07,0,Consumer Sentinent,0.9415322580645129
2007-01-01,0.07,0,U3,0.066666667
2007-01-01,0.07,0,U6,0.033333333
2007-01-01,0.07,0,Uncertainty,0
2007-01-01,0.07,0,Yield Spread,0
2007-02-01,0.07,0,Consumer Sentinent,0.7298387096774155
2007-02-01,0.07,0,U3,0.066666667
2007-02-01,0.07,0,U6,0.033333333
2007-02-01,0.07,0,Uncertainty,0
2007-02-01,0.07,0,Yield Spread,0
2007-03-01,0.03,0,Consumer Sentinent,0.5040322580645133
2007-03-01,0.03,0,U3,0.066666667
2007-03-01,0.03,0,U6,0.066666667
2007-03-01,0.03,0,Uncertainty,0
2007-03-01,0.03,0,Yield Spread,0.013413816230718467
2007-04-01,0,0,Consumer Sentinent,0.40120967741935365
2007-04-01,0,0,U3,0.033333333333333215
2007-04-01,0,0,U6,0.033333333
2007-04-01,0,0,Uncertainty,0
2007-04-01,0,0,Yield Spread,0.046948357
2007-05-01,0,0,Consumer Sentinent,0.34274193548386966
2007-05-01,0,0,U3,0
2007-05-01,0,0,U6,0.066666667
2007-05-01,0,0,Uncertainty,0.040247723
2007-05-01,0,0,Yield Spread,0.09054326
2007-06-01,0.03,0,Consumer Sentinent,0.5100806451612896
2007-06-01,0.03,0,U3,0.066666667
2007-06-01,0.03,0,U6,0.16666666666666785
2007-06-01,0.03,0,Uncertainty,0.059247548877414846
2007-06-01,0.03,0,Yield Spread,0.16767270288397018
2007-07-01,0.07,0,Consumer Sentinent,0.38306451612902936
2007-07-01,0.07,0,U3,0.13333333333333375
2007-07-01,0.07,0,U6,0.23333333333333428
2007-07-01,0.07,0,Uncertainty,0.031956450271702325
2007-07-01,0.07,0,Yield Spread,0.27162977867203164
2007-08-01,0.1,0,Consumer Sentinent,0.3689516129032251
2007-08-01,0.1,0,U3,0.20000000000000018
2007-08-01,0.1,0,U6,0.3000000000000025
2007-08-01,0.1,0,Uncertainty,0.13720485003190808
2007-08-01,0.1,0,Yield Spread,0.43594902749832176
2007-09-01,0.17,0,Consumer Sentinent,0.6411290322580641
2007-09-01,0.17,0,U3,0.23333333333333428
2007-09-01,0.17,0,U6,0.3333333333333357
2007-09-01,0.17,0,Uncertainty,0.1926572682794762
2007-09-01,0.17,0,Yield Spread,0.6103286384976494
2007-10-01,0.2,0,Consumer Sentinent,0.850806452
2007-10-01,0.2,0,U3,0.23333333333333428
2007-10-01,0.2,0,U6,0.3333333333333357
2007-10-01,0.2,0,Uncertainty,0.22608825975131008
2007-10-01,0.2,0,Yield Spread,0.788061704
2007-11-01,0.23,0,Consumer Sentinent,1.098790322580645
2007-11-01,0.23,0,U3,0.2666666666666675
2007-11-01,0.23,0,U6,0.3666666666666707
2007-11-01,0.23,0,Uncertainty,0.2489799075631876
2007-11-01,0.23,0,Yield Spread,1.0663983903420489
2007-12-01,0.4,0,Consumer Sentinent,1.33266129
2007-12-01,0.4,0,U3,0.36666666666666803
2007-12-01,0.4,0,U6,0.5000000000000036
2007-12-01,0.4,0,Uncertainty,0.36411498520624164
2007-12-01,0.4,0,Yield Spread,1.3547954393024773
2008-01-01,0.4,1,Consumer Sentinent,1.532258064516129
2008-01-01,0.4,1,U3,0.46666666666666856
2008-01-01,0.4,1,U6,0.7333333333333378
2008-01-01,0.4,1,Uncertainty,0.6693450136334618
2008-01-01,0.4,1,Yield Spread,1.7169684775318546
2008-02-01,0.43,1,Consumer Sentinent,1.8245967741935472
2008-02-01,0.43,1,U3,0.533333333
2008-02-01,0.43,1,U6,0.9000000000000039
2008-02-01,0.43,1,Uncertainty,0.8319554833594389
2008-02-01,0.43,1,Yield Spread,2.1864520456069725
2008-03-01,0.47,1,Consumer Sentinent,2.245967741935483
2008-03-01,0.47,1,U3,0.5666666666666682
2008-03-01,0.47,1,U6,1.0000000000000036
2008-03-01,0.47,1,Uncertainty,1.0324447409642037
2008-03-01,0.47,1,Yield Spread,2.6358148893360136
2008-04-01,0.5,1,Consumer Sentinent,2.665322580645161
2008-04-01,0.5,1,U3,0.5666666666666682
2008-04-01,0.5,1,U6,1.033333333333335
2008-04-01,0.5,1,Uncertainty,1.0776962348436492
2008-04-01,0.5,1,Yield Spread,2.9610999329309173
2008-05-01,0.73,1,Consumer Sentinent,3.141129032258065
2008-05-01,0.73,1,U3,0.7333333333333352
2008-05-01,0.73,1,U6,1.2666666666666693
2008-05-01,0.73,1,Uncertainty,1.057439422946761
2008-05-01,0.73,1,Yield Spread,3.125419181757211
2008-06-01,0.8,1,Consumer Sentinent,3.635080645161292
2008-06-01,0.8,1,U3,0.8333333333333357
2008-06-01,0.8,1,U6,1.5333333333333332
2008-06-01,0.8,1,Uncertainty,1.1209413857786532
2008-06-01,0.8,1,Yield Spread,3.1656606304493637
2008-07-01,0.97,1,Consumer Sentinent,3.935483870967743
2008-07-01,0.97,1,U3,1.033333333333335
2008-07-01,0.97,1,U6,1.9666666666666668
2008-07-01,0.97,1,Uncertainty,1.2117344472162583
2008-07-01,0.97,1,Yield Spread,3.1153588195841753
2008-08-01,1.1,1,Consumer Sentinent,4.1875
2008-08-01,1.1,1,U3,1.200000000000002
2008-08-01,1.1,1,U6,2.333333333333334
2008-08-01,1.1,1,Uncertainty,1.1051323702887188
2008-08-01,1.1,1,Yield Spread,2.853789403085182
2008-09-01,1.27,1,Consumer Sentinent,4.350806451612903
2008-09-01,1.27,1,U3,1.333333333333334
2008-09-01,1.27,1,U6,2.6999999999999993
2008-09-01,1.27,1,Uncertainty,1.054296958094022
2008-09-01,1.27,1,Yield Spread,2.5855130784708305
2008-10-01,1.5,1,Consumer Sentinent,4.616935483870969
2008-10-01,1.5,1,U3,1.5666666666666673
2008-10-01,1.5,1,U6,3.1000000000000014
2008-10-01,1.5,1,Uncertainty,1.3239929608787295
2008-10-01,1.5,1,Yield Spread,2.598926894701549
2008-11-01,1.7,1,Consumer Sentinent,4.903225806451613
2008-11-01,1.7,1,U3,1.7666666666666675
2008-11-01,1.7,1,U6,3.633333333333333
2008-11-01,1.7,1,Uncertainty,1.5398802962619171
2008-11-01,1.7,1,Yield Spread,2.615694164989944
2008-12-01,2.07,1,Consumer Sentinent,4.953629032258065
2008-12-01,2.07,1,U3,2.0666666666666664
2008-12-01,2.07,1,U6,4.399999999999999
2008-12-01,2.07,1,Uncertainty,1.581409177931194
2008-12-01,2.07,1,Yield Spread,2.4178403755868585
2009-01-01,2.37,1,Consumer Sentinent,4.925403225806451
2009-01-01,2.37,1,U3,2.3999999999999995
2009-01-01,2.37,1,U6,5.099999999999996
2009-01-01,2.37,1,Uncertainty,1.5916101022993177
2009-01-01,2.37,1,Yield Spread,2.1495640509725042
2009-02-01,2.77,1,Consumer Sentinent,4.927419354838709
2009-02-01,2.77,1,U3,2.833333333333333
2009-02-01,2.77,1,U6,5.866666666666664
2009-02-01,2.77,1,Uncertainty,1.7683374910560619
2009-02-01,2.77,1,Yield Spread,1.8209255533199213
2009-03-01,3.13,1,Consumer Sentinent,5.006048387096775
2009-03-01,3.13,1,U3,3.2666666666666666
2009-03-01,3.13,1,U6,6.599999999999998
2009-03-01,3.13,1,Uncertainty,1.781004041693257
2009-03-01,3.13,1,Yield Spread,1.4520456069751857
2009-04-01,3.53,1,Consumer Sentinent,4.963709677419357
2009-04-01,3.53,1,U3,3.666666666666665
2009-04-01,3.53,1,U6,7.166666666666661
2009-04-01,3.53,1,Uncertainty,1.8512502175552605
2009-04-01,3.53,1,Yield Spread,1.0261569416498988
2009-05-01,3.73,1,Consumer Sentinent,4.828629032258067
2009-05-01,3.73,1,U3,3.8666666666666654
2009-05-01,3.73,1,U6,7.499999999999995
2009-05-01,3.73,1,Uncertainty,1.691951422327939
2009-05-01,3.73,1,Yield Spread,0.8551307847082468
2009-06-01,3.9,1,Consumer Sentinent,4.528225806451615
2009-06-01,3.9,1,U3,3.966666666666664
2009-06-01,3.9,1,U6,7.499999999999991
2009-06-01,3.9,1,Uncertainty,1.2989741060896143
2009-06-01,3.9,1,Yield Spread,1.170355466130112
2009-07-01,3.8,0,Consumer Sentinent,4.145161290322584
2009-07-01,3.8,0,U3,3.8666666666666654
2009-07-01,3.8,0,U6,7.499999999999993
2009-07-01,3.8,0,Uncertainty,0.9697646535553364
2009-07-01,3.8,0,Yield Spread,1.4486921529175012
2009-08-01,3.67,0,Consumer Sentinent,3.7600806451612936
2009-08-01,3.67,0,U3,3.6999999999999984
2009-08-01,3.67,0,U6,7.466666667
2009-08-01,3.67,0,Uncertainty,0.7995397497631076
2009-08-01,3.67,0,Yield Spread,1.6431924882629074
2009-09-01,3.57,0,Consumer Sentinent,3.3024193548387135
2009-09-01,3.57,0,U3,3.633333333333332
2009-09-01,3.57,0,U6,7.499999999999998
2009-09-01,3.57,0,Uncertainty,0.49513159675891005
2009-09-01,3.57,0,Yield Spread,1.8309859154929535
2009-10-01,3.57,0,Consumer Sentinent,2.7661290322580685
2009-10-01,3.57,0,U3,3.5666666666666647
2009-10-01,3.57,0,U6,7.499999999999998
2009-10-01,3.57,0,Uncertainty,0
2009-10-01,3.57,0,Yield Spread,1.7873910127431225
2009-11-01,3.47,0,Consumer Sentinent,2.3286290322580685
2009-11-01,3.47,0,U3,3.4333333333333327
2009-11-01,3.47,0,U6,7.333333333333332
2009-11-01,3.47,0,Uncertainty,0
2009-11-01,3.47,0,Yield Spread,1.5727699530516421
2009-12-01,3.07,0,Consumer Sentinent,1.9798387096774226
2009-12-01,3.07,0,U3,3.0666666666666664
2009-12-01,3.07,0,U6,7.066666666666666
2009-12-01,3.07,0,Uncertainty,0
2009-12-01,3.07,0,Yield Spread,1.5425888665325314
2010-01-01,2.57,0,Consumer Sentinent,1.5725806451612936
2010-01-01,2.57,0,U3,2.5666666666666664
2010-01-01,2.57,0,U6,6.533333333333331
2010-01-01,2.57,0,Uncertainty,0.081752432
2010-01-01,2.57,0,Yield Spread,1.535881958417174
2010-02-01,2.03,0,Consumer Sentinent,1.0947580645161317
2010-02-01,2.03,0,U3,2.033333333333333
2010-02-01,2.03,0,U6,6.133333333333335
2010-02-01,2.03,0,Uncertainty,0.18956314903985616
2010-02-01,2.03,0,Yield Spread,1.5157612340710962
2010-03-01,1.53,0,Consumer Sentinent,0.5221774193548399
2010-03-01,1.53,0,U3,1.5666666666666647
2010-03-01,1.53,0,U6,5.666666667
2010-03-01,1.53,0,Uncertainty,0.16193363114231119
2010-03-01,1.53,0,Yield Spread,1.5962441314554034
2010-04-01,1.2,0,Consumer Sentinent,0
2010-04-01,1.2,0,U3,1.1999999999999993
2010-04-01,1.2,0,U6,5.233333333333336
2010-04-01,1.2,0,Uncertainty,0.1449159753243996
2010-04-01,1.2,0,Yield Spread,1.7136150234741834
2010-05-01,0.8,0,Consumer Sentinent,0
2010-05-01,0.8,0,U3,0.7666666666666657
2010-05-01,0.8,0,U6,4.300000000000006
2010-05-01,0.8,0,Uncertainty,0.21185047668774581
2010-05-01,0.8,0,Yield Spread,1.6934942991281048
2010-06-01,0.43,0,Consumer Sentinent,0
2010-06-01,0.43,0,U3,0.33333333333333215
2010-06-01,0.43,0,U6,3.300000000000006
2010-06-01,0.43,0,Uncertainty,0.3222476842451323
2010-06-01,0.43,0,Yield Spread,1.297786720321934
2010-07-01,0.13,0,Consumer Sentinent,0
2010-07-01,0.13,0,U3,0
2010-07-01,0.13,0,U6,2.233333333333336
2010-07-01,0.13,0,Uncertainty,0.4803861847575961
2010-07-01,0.13,0,Yield Spread,0.8819584171696899
2010-08-01,0,0,Consumer Sentinent,0.072580645
2010-08-01,0,0,U3,0
2010-08-01,0,0,U6,1.4333333333333353
2010-08-01,0,0,Uncertainty,0.5574490920693873
2010-08-01,0,0,Yield Spread,0.4694835680751215
2010-09-01,0.03,0,Consumer Sentinent,0.19758064516129092
2010-09-01,0.03,0,U3,0.033333333333333215
2010-09-01,0.03,0,U6,1.0000000000000053
2010-09-01,0.03,0,Uncertainty,0.6957175455899147
2010-09-01,0.03,0,Yield Spread,0.080482897
2010-10-01,0.07,0,Consumer Sentinent,0.3165322580645169
2010-10-01,0.07,0,U3,0.033333333333333215
2010-10-01,0.07,0,U6,0.6
2010-10-01,0.07,0,Uncertainty,0.8831776604590922
2010-10-01,0.07,0,Yield Spread,0
2010-11-01,0.13,0,Consumer Sentinent,0.3568548387096797
2010-11-01,0.13,0,U3,0.13333333333333286
2010-11-01,0.13,0,U6,0.5000000000000071
2010-11-01,0.13,0,Uncertainty,1.027900253331015
2010-11-01,0.13,0,Yield Spread,0
2010-12-01,0.1,0,Consumer Sentinent,0.31048387096774377
2010-12-01,0.1,0,U3,0.066666667
2010-12-01,0.1,0,U6,0.26666666666666927
2010-12-01,0.1,0,Uncertainty,1.1962638510181605
2010-12-01,0.1,0,Yield Spread,0.063715627
2011-01-01,-0.13,0,Consumer Sentinent,0.2983870967741966
2011-01-01,-0.13,0,U3,0
2011-01-01,-0.13,0,U6,0.10000000000000142
2011-01-01,-0.13,0,Uncertainty,1.1649358937170067
2011-01-01,-0.13,0,Yield Spread,0.19450033534540623
2011-02-01,-0.3,0,Consumer Sentinent,0.26814516129032473
2011-02-01,-0.3,0,U3,0
2011-02-01,-0.3,0,U6,0
2011-02-01,-0.3,0,Uncertainty,1.0793641584962592
2011-02-01,-0.3,0,Yield Spread,0.4024144869215309
2011-03-01,-0.2,0,Consumer Sentinent,0.27419354838709875
2011-03-01,-0.2,0,U3,0
2011-03-01,-0.2,0,U6,0
2011-03-01,-0.2,0,Uncertainty,0.9923178820753815
2011-03-01,-0.2,0,Yield Spread,0.5868544600938996
2011-04-01,0,0,Consumer Sentinent,0.2560483870967767
2011-04-01,0,0,U3,0
2011-04-01,0,0,U6,0
2011-04-01,0,0,Uncertainty,0.882476649
2011-04-01,0,0,Yield Spread,0.7746478873239457
2011-05-01,0.07,0,Consumer Sentinent,0.1330645161290347
2011-05-01,0.07,0,U3,0
2011-05-01,0.07,0,U6,0
2011-05-01,0.07,0,Uncertainty,0.5237521997253975
2011-05-01,0.07,0,Yield Spread,0.8752515090543298
2011-06-01,0.2,0,Consumer Sentinent,0.056451613
2011-06-01,0.2,0,U3,0.033333333333333215
2011-06-01,0.2,0,U6,0.033333333
2011-06-01,0.2,0,Uncertainty,0.16374659163427485
2011-06-01,0.2,0,Yield Spread,0.8484238765928946
2011-07-01,0.23,0,Consumer Sentinent,0.21572580645161477
2011-07-01,0.23,0,U3,0
2011-07-01,0.23,0,U6,0
2011-07-01,0.23,0,Uncertainty,0.078730831
2011-07-01,0.23,0,Yield Spread,0.7880617035546642
2011-08-01,0.23,0,Consumer Sentinent,0.5927419354838728
2011-08-01,0.23,0,U3,0
2011-08-01,0.23,0,U6,0.066666667
2011-08-01,0.23,0,Uncertainty,0.3062694591092803
2011-08-01,0.23,0,Yield Spread,0.5432595573440686
2011-09-01,0.2,0,Consumer Sentinent,0.8891129032258078
2011-09-01,0.2,0,U3,0
2011-09-01,0.2,0,U6,0.16666666666666785
2011-09-01,0.2,0,Uncertainty,0.503906326
2011-09-01,0.2,0,Yield Spread,0.22132796780684316
2011-10-01,0.17,0,Consumer Sentinent,1.225806451612904
2011-10-01,0.17,0,U3,0
2011-10-01,0.17,0,U6,0.13333333333333286
2011-10-01,0.17,0,Uncertainty,0.5411082748351412
2011-10-01,0.17,0,Yield Spread,0
2011-11-01,0,0,Consumer Sentinent,1.302419355
2011-11-01,0,0,U3,0
2011-11-01,0,0,U6,0
2011-11-01,0,0,Uncertainty,0.5240181005975515
2011-11-01,0,0,Yield Spread,0
2011-12-01,-0.17,0,Consumer Sentinent,1.300403225806451
2011-12-01,-0.17,0,U3,0
2011-12-01,-0.17,0,U6,0
2011-12-01,-0.17,0,Uncertainty,0.6931552280946027
2011-12-01,-0.17,0,Yield Spread,0
2012-01-01,-0.2,0,Consumer Sentinent,1.286290322580645
2012-01-01,-0.2,0,U3,0
2012-01-01,-0.2,0,U6,0
2012-01-01,-0.2,0,Uncertainty,0.8453230453868614
2012-01-01,-0.2,0,Yield Spread,0
2012-02-01,-0.13,0,Consumer Sentinent,1.209677419354839
2012-02-01,-0.13,0,U3,0
2012-02-01,-0.13,0,U6,0
2012-02-01,-0.13,0,Uncertainty,0.8130040030167662
2012-02-01,-0.13,0,Yield Spread,0
2012-03-01,-0.1,0,Consumer Sentinent,0.95766129
2012-03-01,-0.1,0,U3,0
2012-03-01,-0.1,0,U6,0
2012-03-01,-0.1,0,Uncertainty,0.5473448589275014
2012-03-01,-0.1,0,Yield Spread,0.023474178403755097
2012-04-01,-0.07,0,Consumer Sentinent,0.5423387096774199
2012-04-01,-0.07,0,U3,0
2012-04-01,-0.07,0,U6,0
2012-04-01,-0.07,0,Uncertainty,0.1630697530506089
2012-04-01,-0.07,0,Yield Spread,0
2012-05-01,-0.03,0,Consumer Sentinent,0.14314516129032295
2012-05-01,-0.03,0,U3,0
2012-05-01,-0.03,0,U6,0
2012-05-01,-0.03,0,Uncertainty,0
2012-05-01,-0.03,0,Yield Spread,0
2012-06-01,0,0,Consumer Sentinent,0
2012-06-01,0,0,U3,0
2012-06-01,0,0,U6,0.033333333
2012-06-01,0,0,Uncertainty,0.08673203
2012-06-01,0,0,Yield Spread,0
2012-07-01,0.07,0,Consumer Sentinent,0
2012-07-01,0.07,0,U3,0
2012-07-01,0.07,0,U6,0.033333333
2012-07-01,0.07,0,Uncertainty,0.17827444837655482
2012-07-01,0.07,0,Yield Spread,0
2012-08-01,0.03,0,Consumer Sentinent,0
2012-08-01,0.03,0,U3,0
2012-08-01,0.03,0,U6,0
2012-08-01,0.03,0,Uncertainty,0.090406297
2012-08-01,0.03,0,Yield Spread,0
2012-09-01,-0.1,0,Consumer Sentinent,0
2012-09-01,-0.1,0,U3,0
2012-09-01,-0.1,0,U6,0.033333333
2012-09-01,-0.1,0,Uncertainty,0.067272921
2012-09-01,-0.1,0,Yield Spread,0
2012-10-01,-0.13,0,Consumer Sentinent,0
2012-10-01,-0.13,0,U3,0
2012-10-01,-0.13,0,U6,0
2012-10-01,-0.13,0,Uncertainty,0.1857438456034508
2012-10-01,-0.13,0,Yield Spread,0
2012-11-01,-0.13,0,Consumer Sentinent,0
2012-11-01,-0.13,0,U3,0
2012-11-01,-0.13,0,U6,0
2012-11-01,-0.13,0,Uncertainty,0.47083792616658093
2012-11-01,-0.13,0,Yield Spread,0
2012-12-01,0,0,Consumer Sentinent,0.070564516
2012-12-01,0,0,U3,0.033333333333333215
2012-12-01,0,0,U6,0
2012-12-01,0,0,Uncertainty,0.7532246523950434
2012-12-01,0,0,Yield Spread,0.043594903
2013-01-01,0,0,Consumer Sentinent,0.18145161290322687
2013-01-01,0,0,U3,0.1
2013-01-01,0,0,U6,0.033333333
2013-01-01,0,0,Uncertainty,0.9557202529442497
2013-01-01,0,0,Yield Spread,0.1676727028839693
2013-02-01,-0.03,0,Consumer Sentinent,0.092741935
2013-02-01,-0.03,0,U3,0.1
2013-02-01,-0.03,0,U6,0
2013-02-01,-0.03,0,Uncertainty,0.8966902593258712
2013-02-01,-0.03,0,Yield Spread,0.27162977867203164
2013-03-01,-0.07,0,Consumer Sentinent,0
2013-03-01,-0.07,0,U3,0
2013-03-01,-0.07,0,U6,0
2013-03-01,-0.07,0,Uncertainty,0.8150828643808887
2013-03-01,-0.07,0,Yield Spread,0.34875922199865794
2013-04-01,-0.13,0,Consumer Sentinent,0
2013-04-01,-0.13,0,U3,0
2013-04-01,-0.13,0,U6,0
2013-04-01,-0.13,0,Uncertainty,0.66888573
2013-04-01,-0.13,0,Yield Spread,0.36887994634473387
2013-05-01,-0.03,0,Consumer Sentinent,0
2013-05-01,-0.03,0,U3,0
2013-05-01,-0.03,0,U6,0
2013-05-01,-0.03,0,Uncertainty,0.503978844
2013-05-01,-0.03,0,Yield Spread,0.46613011401743787
2013-06-01,0,0,Consumer Sentinent,0
2013-06-01,0,0,U3,0
2013-06-01,0,0,U6,0.10000000000000142
2013-06-01,0,0,Uncertainty,0.24325095240857952
2013-06-01,0,0,Yield Spread,0.6371562709590881
2013-07-01,-0.03,0,Consumer Sentinent,0
2013-07-01,-0.03,0,U3,0
2013-07-01,-0.03,0,U6,0.033333333333333215
2013-07-01,-0.03,0,Uncertainty,0
2013-07-01,-0.03,0,Yield Spread,0.8350100603621726
2013-08-01,-0.1,0,Consumer Sentinent,0
2013-08-01,-0.1,0,U3,0
2013-08-01,-0.1,0,U6,0
2013-08-01,-0.1,0,Uncertainty,0
2013-08-01,-0.1,0,Yield Spread,1.056338028169014
2013-09-01,-0.13,0,Consumer Sentinent,0
2013-09-01,-0.13,0,U3,0
2013-09-01,-0.13,0,U6,0
2013-09-01,-0.13,0,Uncertainty,0
2013-09-01,-0.13,0,Yield Spread,1.294433266264253
2013-10-01,-0.03,0,Consumer Sentinent,0.088709677
2013-10-01,-0.03,0,U3,0
2013-10-01,-0.03,0,U6,0
2013-10-01,-0.03,0,Uncertainty,0.07510491
2013-10-01,-0.03,0,Yield Spread,1.5459423205902088
2013-11-01,-0.1,0,Consumer Sentinent,0.159274194
2013-11-01,-0.1,0,U3,0
2013-11-01,-0.1,0,U6,0
2013-11-01,-0.1,0,Uncertainty,0
2013-11-01,-0.1,0,Yield Spread,1.7907444668008043
2013-12-01,-0.17,0,Consumer Sentinent,0.036290323
2013-12-01,-0.17,0,U3,0
2013-12-01,-0.17,0,U6,0
2013-12-01,-0.17,0,Uncertainty,0.004278587
2013-12-01,-0.17,0,Yield Spread,1.9450033534540587
2014-01-01,-0.2,0,Consumer Sentinent,0.10282258064516192
2014-01-01,-0.2,0,U3,0
2014-01-01,-0.2,0,U6,0
2014-01-01,-0.2,0,Uncertainty,0.045976678
2014-01-01,-0.2,0,Yield Spread,1.8947015425888676
2014-02-01,-0.1,0,Consumer Sentinent,0.153225806
2014-02-01,-0.1,0,U3,0
2014-02-01,-0.1,0,U6,0
2014-02-01,-0.1,0,Uncertainty,0.050376129
2014-02-01,-0.1,0,Yield Spread,1.7907444668008035
2014-03-01,0,0,Consumer Sentinent,0.256048387
2014-03-01,0,0,U3,0
2014-03-01,0,0,U6,0
2014-03-01,0,0,Uncertainty,0.001329504
2014-03-01,0,0,Yield Spread,1.683433936955061
2014-04-01,-0.1,0,Consumer Sentinent,0.215725806
2014-04-01,-0.1,0,U3,0
2014-04-01,-0.1,0,U6,0
2014-04-01,-0.1,0,Uncertainty,0
2014-04-01,-0.1,0,Yield Spread,1.666666666666666
2014-05-01,-0.13,0,Consumer Sentinent,0.127016129
2014-05-01,-0.13,0,U3,0
2014-05-01,-0.13,0,U6,0
2014-05-01,-0.13,0,Uncertainty,0
2014-05-01,-0.13,0,Yield Spread,1.4889336016096548
2014-06-01,-0.2,0,Consumer Sentinent,0
2014-06-01,-0.2,0,U3,0
2014-06-01,-0.2,0,U6,0
2014-06-01,-0.2,0,Uncertainty,0
2014-06-01,-0.2,0,Yield Spread,1.1804158283031496
2014-07-01,-0.03,0,Consumer Sentinent,0
2014-07-01,-0.03,0,U3,0
2014-07-01,-0.03,0,U6,0
2014-07-01,-0.03,0,Uncertainty,0
2014-07-01,-0.03,0,Yield Spread,0.8417169684775292
2014-08-01,-0.07,0,Consumer Sentinent,0
2014-08-01,-0.07,0,U3,0
2014-08-01,-0.07,0,U6,0
2014-08-01,-0.07,0,Uncertainty,0
2014-08-01,-0.07,0,Yield Spread,0.4761904761904727
2014-09-01,-0.07,0,Consumer Sentinent,0
2014-09-01,-0.07,0,U3,0
2014-09-01,-0.07,0,U6,0
2014-09-01,-0.07,0,Uncertainty,0
2014-09-01,-0.07,0,Yield Spread,0.12072434607645377
2014-10-01,-0.13,0,Consumer Sentinent,0
2014-10-01,-0.13,0,U3,0
2014-10-01,-0.13,0,U6,0
2014-10-01,-0.13,0,Uncertainty,0
2014-10-01,-0.13,0,Yield Spread,0
2014-11-01,-0.1,0,Consumer Sentinent,0
2014-11-01,-0.1,0,U3,0
2014-11-01,-0.1,0,U6,0
2014-11-01,-0.1,0,Uncertainty,0
2014-11-01,-0.1,0,Yield Spread,0
2014-12-01,-0.1,0,Consumer Sentinent,0
2014-12-01,-0.1,0,U3,0
2014-12-01,-0.1,0,U6,0
2014-12-01,-0.1,0,Uncertainty,0.005994856
2014-12-01,-0.1,0,Yield Spread,0
2015-01-01,0,0,Consumer Sentinent,0
2015-01-01,0,0,U3,0
2015-01-01,0,0,U6,0
2015-01-01,0,0,Uncertainty,0.035606544062191825
2015-01-01,0,0,Yield Spread,0
2015-02-01,-0.1,0,Consumer Sentinent,0
2015-02-01,-0.1,0,U3,0
2015-02-01,-0.1,0,U6,0
2015-02-01,-0.1,0,Uncertainty,0.035026396704763096
2015-02-01,-0.1,0,Yield Spread,0
2015-03-01,-0.03,0,Consumer Sentinent,0
2015-03-01,-0.03,0,U3,0
2015-03-01,-0.03,0,U6,0
2015-03-01,-0.03,0,Uncertainty,0.010563516466516043
2015-03-01,-0.03,0,Yield Spread,0
2015-04-01,-0.1,0,Consumer Sentinent,0
2015-04-01,-0.1,0,U3,0
2015-04-01,-0.1,0,U6,0
2015-04-01,-0.1,0,Uncertainty,0.040755352
2015-04-01,-0.1,0,Yield Spread,0
2015-05-01,0,0,Consumer Sentinent,0
2015-05-01,0,0,U3,0.033333333
2015-05-01,0,0,U6,0
2015-05-01,0,0,Uncertainty,0.052575854266984134
2015-05-01,0,0,Yield Spread,0
2015-06-01,-0.07,0,Consumer Sentinent,0
2015-06-01,-0.07,0,U3,0
2015-06-01,-0.07,0,U6,0
2015-06-01,-0.07,0,Uncertainty,0.054364642
2015-06-01,-0.07,0,Yield Spread,0.036887995
2015-07-01,-0.03,0,Consumer Sentinent,0
2015-07-01,-0.03,0,U3,0
2015-07-01,-0.03,0,U6,0
2015-07-01,-0.03,0,Uncertainty,0.093355379
2015-07-01,-0.03,0,Yield Spread,0.14755197853789337
2015-08-01,-0.13,0,Consumer Sentinent,0.034274194
2015-08-01,-0.13,0,U3,0
2015-08-01,-0.13,0,U6,0
2015-08-01,-0.13,0,Uncertainty,0.11697221094157945
2015-08-01,-0.13,0,Yield Spread,0.18443997317236693
2015-09-01,-0.07,0,Consumer Sentinent,0.25403225806451646
2015-09-01,-0.07,0,U3,0
2015-09-01,-0.07,0,U6,0
2015-09-01,-0.07,0,Uncertainty,0.13246697994623996
2015-09-01,-0.07,0,Yield Spread,0.20456069751844197
2015-10-01,-0.1,0,Consumer Sentinent,0.36290322580645107
2015-10-01,-0.1,0,U3,0
2015-10-01,-0.1,0,U6,0
2015-10-01,-0.1,0,Uncertainty,0.12543269323741585
2015-10-01,-0.1,0,Yield Spread,0.21462105969148126
2015-11-01,-0.03,0,Consumer Sentinent,0.3971774193548372
2015-11-01,-0.03,0,U3,0
2015-11-01,-0.03,0,U6,0
2015-11-01,-0.03,0,Uncertainty,0.10909187600317166
2015-11-01,-0.03,0,Yield Spread,0.1441985244802133
2015-12-01,-0.03,0,Consumer Sentinent,0.4637096774193532
2015-12-01,-0.03,0,U3,0
2015-12-01,-0.03,0,U6,0
2015-12-01,-0.03,0,Uncertainty,0.11530428728897157
2015-12-01,-0.03,0,Yield Spread,0.003353454
2016-01-01,-0.03,0,Consumer Sentinent,0.4374999999999982
2016-01-01,-0.03,0,U3,0
2016-01-01,-0.03,0,U6,0
2016-01-01,-0.03,0,Uncertainty,0.15308638394152108
2016-01-01,-0.03,0,Yield Spread,0
2016-02-01,-0.03,0,Consumer Sentinent,0.5262096774193532
2016-02-01,-0.03,0,U3,0
2016-02-01,-0.03,0,U6,0
2016-02-01,-0.03,0,Uncertainty,0.1818520237473651
2016-02-01,-0.03,0,Yield Spread,0
2016-03-01,0,0,Consumer Sentinent,0.5685483870967736
2016-03-01,0,0,U3,0
2016-03-01,0,0,U6,0
2016-03-01,0,0,Uncertainty,0.1560354663417841
2016-03-01,0,0,Yield Spread,0
2016-04-01,0.03,0,Consumer Sentinent,0.6270161290322571
2016-04-01,0.03,0,U3,0.1
2016-04-01,0.03,0,U6,0.066666667
2016-04-01,0.03,0,Uncertainty,0.068868326
2016-04-01,0.03,0,Yield Spread,0
2016-05-01,-0.03,0,Consumer Sentinent,0.47580645161290214
2016-05-01,-0.03,0,U3,0.066666667
2016-05-01,-0.03,0,U6,0.16666666666666607
2016-05-01,-0.03,0,Uncertainty,0
2016-05-01,-0.03,0,Yield Spread,0
2016-06-01,-0.03,0,Consumer Sentinent,0.405241935
2016-06-01,-0.03,0,U3,0.033333333333333215
2016-06-01,-0.03,0,U6,0.066666667
2016-06-01,-0.03,0,Uncertainty,0.164133357
2016-06-01,-0.03,0,Yield Spread,0
2016-07-01,-0.03,0,Consumer Sentinent,0.431451613
2016-07-01,-0.03,0,U3,0
2016-07-01,-0.03,0,U6,0
2016-07-01,-0.03,0,Uncertainty,0.25879406702635877
2016-07-01,-0.03,0,Yield Spread,0
2016-08-01,0.07,0,Consumer Sentinent,0.48790322580645107
2016-08-01,0.07,0,U3,0.033333333333333215
2016-08-01,0.07,0,U6,0
2016-08-01,0.07,0,Uncertainty,0.2595917696428234
2016-08-01,0.07,0,Yield Spread,0
2016-09-01,0.1,0,Consumer Sentinent,0.504032258
2016-09-01,0.1,0,U3,0.066666667
2016-09-01,0.1,0,U6,0.066666667
2016-09-01,0.1,0,Uncertainty,0.18685579470518932
2016-09-01,0.1,0,Yield Spread,0
2016-10-01,0.1,0,Consumer Sentinent,0.5947580645161286
2016-10-01,0.1,0,U3,0.1
2016-10-01,0.1,0,U6,0.066666667
2016-10-01,0.1,0,Uncertainty,0.1639399740867522
2016-10-01,0.1,0,Yield Spread,0
2016-11-01,0,0,Consumer Sentinent,0.5383064516129021
2016-11-01,0,0,U3,0.033333333
2016-11-01,0,0,U6,0
2016-11-01,0,0,Uncertainty,0.31390806598209353
2016-11-01,0,0,Yield Spread,0.057008719
2016-12-01,-0.07,0,Consumer Sentinent,0.3528225806451597
2016-12-01,-0.07,0,U3,0
2016-12-01,-0.07,0,U6,0
2016-12-01,-0.07,0,Uncertainty,0.4867194600761935
2016-12-01,-0.07,0,Yield Spread,0.187793427
2017-01-01,0,0,Consumer Sentinent,0.27620967741935365
2017-01-01,0,0,U3,0
2017-01-01,0,0,U6,0
2017-01-01,0,0,Uncertainty,0.7017607472297975
2017-01-01,0,0,Yield Spread,0.3219315895372228
2017-02-01,0.03,0,Consumer Sentinent,0.21975806451612767
2017-02-01,0.03,0,U3,0
2017-02-01,0.03,0,U6,0
2017-02-01,0.03,0,Uncertainty,0.6673870163021411
2017-02-01,0.03,0,Yield Spread,0.45606975184439946
2017-03-01,-0.03,0,Consumer Sentinent,0.080645161
2017-03-01,-0.03,0,U3,0
2017-03-01,-0.03,0,U6,0
2017-03-01,-0.03,0,Uncertainty,0.7113331786273711
2017-03-01,-0.03,0,Yield Spread,0.5600268276324618
2017-04-01,-0.13,0,Consumer Sentinent,0
2017-04-01,-0.13,0,U3,0
2017-04-01,-0.13,0,U6,0
2017-04-01,-0.13,0,Uncertainty,0.7837307342731723
2017-04-01,-0.13,0,Yield Spread,0.6069751844399738
2017-05-01,-0.13,0,Consumer Sentinent,0
2017-05-01,-0.13,0,U3,0
2017-05-01,-0.13,0,U6,0
2017-05-01,-0.13,0,Uncertainty,0.8850147937576143
2017-05-01,-0.13,0,Yield Spread,0.5533199195171035
2017-06-01,-0.03,0,Consumer Sentinent,0
2017-06-01,-0.03,0,U3,0
2017-06-01,-0.03,0,U6,0
2017-06-01,-0.03,0,Uncertainty,0.7829813772698255
2017-06-01,-0.03,0,Yield Spread,0.3990610328638491
2017-07-01,-0.03,0,Consumer Sentinent,0.008064516
2017-07-01,-0.03,0,U3,0
2017-07-01,-0.03,0,U6,0
2017-07-01,-0.03,0,Uncertainty,0.7219208679004454
2017-07-01,-0.03,0,Yield Spread,0.30516431924882514
2017-08-01,0.03,0,Consumer Sentinent,0.036290323
2017-08-01,0.03,0,U3,0
2017-08-01,0.03,0,U6,0.033333333333333215
2017-08-01,0.03,0,Uncertainty,0.5995097754829715
2017-08-01,0.03,0,Yield Spread,0.18779342723004522
2017-09-01,-0.03,0,Consumer Sentinent,0.10483870967742037
2017-09-01,-0.03,0,U3,0
2017-09-01,-0.03,0,U6,0
2017-09-01,-0.03,0,Uncertainty,0.45459380015857187
2017-09-01,-0.03,0,Yield Spread,0.070422535
2017-10-01,-0.07,0,Consumer Sentinent,0.016129032258064946
2017-10-01,-0.07,0,U3,0
2017-10-01,-0.07,0,U6,0
2017-10-01,-0.07,0,Uncertainty,0.3356152462725517
2017-10-01,-0.07,0,Yield Spread,0
2017-11-01,-0.1,0,Consumer Sentinent,0
2017-11-01,-0.1,0,U3,0
2017-11-01,-0.1,0,U6,0
2017-11-01,-0.1,0,Uncertainty,0.13331302817582158
2017-11-01,-0.1,0,Yield Spread,0
2017-12-01,-0.03,0,Consumer Sentinent,0.022177419354838968
2017-12-01,-0.03,0,U3,0
2017-12-01,-0.03,0,U6,0
2017-12-01,-0.03,0,Uncertainty,0
2017-12-01,-0.03,0,Yield Spread,0
2018-01-01,0,0,Consumer Sentinent,0.050403225806452845
2018-01-01,0,0,U3,0
2018-01-01,0,0,U6,0
2018-01-01,0,0,Uncertainty,0.054654716
2018-01-01,0,0,Yield Spread,0
2018-02-01,0,0,Consumer Sentinent,0
2018-02-01,0,0,U3,0
2018-02-01,0,0,U6,0.033333333333333215
2018-02-01,0,0,Uncertainty,0.028016282802498793
2018-02-01,0,0,Yield Spread,0
2018-03-01,0,0,Consumer Sentinent,0
2018-03-01,0,0,U3,0
2018-03-01,0,0,U6,0
2018-03-01,0,0,Uncertainty,0
2018-03-01,0,0,Yield Spread,0
2018-04-01,-0.07,0,Consumer Sentinent,0
2018-04-01,-0.07,0,U3,0
2018-04-01,-0.07,0,U6,0
2018-04-01,-0.07,0,Uncertainty,0.037008567
2018-04-01,-0.07,0,Yield Spread,0
2018-05-01,-0.1,0,Consumer Sentinent,0
2018-05-01,-0.1,0,U3,0
2018-05-01,-0.1,0,U6,0
2018-05-01,-0.1,0,Uncertainty,0.04590416
2018-05-01,-0.1,0,Yield Spread,0
2018-06-01,-0.03,0,Consumer Sentinent,0.050403226
2018-06-01,-0.03,0,U3,0
2018-06-01,-0.03,0,U6,0
2018-06-01,-0.03,0,Uncertainty,0.12707644408346408
2018-06-01,-0.03,0,Yield Spread,0
2018-07-01,0,0,Consumer Sentinent,0.0625
2018-07-01,0,0,U3,0
2018-07-01,0,0,U6,0
2018-07-01,0,0,Uncertainty,0.1472123919475553
2018-07-01,0,0,Yield Spread,0
2018-08-01,0.03,0,Consumer Sentinent,0.056451613
2018-08-01,0.03,0,U3,0
2018-08-01,0.03,0,U6,0
2018-08-01,0.03,0,Uncertainty,0.13546440795962222
2018-08-01,0.03,0,Yield Spread,0
2018-09-01,-0.07,0,Consumer Sentinent,0
2018-09-01,-0.07,0,U3,0
2018-09-01,-0.07,0,U6,0
2018-09-01,-0.07,0,Uncertainty,0.020788613641199105
2018-09-01,-0.07,0,Yield Spread,0
2018-10-01,-0.07,0,Consumer Sentinent,0.022177419354838968
2018-10-01,-0.07,0,U3,0
2018-10-01,-0.07,0,U6,0
2018-10-01,-0.07,0,Uncertainty,0.035799927
2018-10-01,-0.07,0,Yield Spread,0
2018-11-01,-0.07,0,Consumer Sentinent,0.10080645161290258
2018-11-01,-0.07,0,U3,0
2018-11-01,-0.07,0,U6,0.066666667
2018-11-01,-0.07,0,Uncertainty,0.043269324
2018-11-01,-0.07,0,Yield Spread,0
2018-12-01,0.07,0,Consumer Sentinent,0.11088709677419262
2018-12-01,0.07,0,U3,0.066666667
2018-12-01,0.07,0,U6,0.10000000000000053
2018-12-01,0.07,0,Uncertainty,0.13737405967782512
2018-12-01,0.07,0,Yield Spread,0
2019-01-01,0.13,0,Consumer Sentinent,0.2479838709677411
2019-01-01,0.13,0,U3,0.13333333333333286
2019-01-01,0.13,0,U6,0.2666666666666675
2019-01-01,0.13,0,Uncertainty,0.2793167797954016
2019-01-01,0.13,0,Yield Spread,0
2019-02-01,0.17,0,Consumer Sentinent,0.3366935483870961
2019-02-01,0.17,0,U3,0.13333333333333286
2019-02-01,0.17,0,U6,0.13333333333333464
2019-02-01,0.17,0,Uncertainty,0.2282154667285491
2019-02-01,0.17,0,Yield Spread,0
2019-03-01,0.13,0,Consumer Sentinent,0.3266129032258047
2019-03-01,0.13,0,U3,0.1
2019-03-01,0.13,0,U6,0.066666667
2019-03-01,0.13,0,Uncertainty,0.21644330993405647
2019-03-01,0.13,0,Yield Spread,0
2019-04-01,0,0,Consumer Sentinent,0.3064516129032251
2019-04-01,0,0,U3,0
2019-04-01,0,0,U6,0
2019-04-01,0,0,Uncertainty,0.17880625012086293
2019-04-01,0,0,Yield Spread,0
2019-05-01,-0.07,0,Consumer Sentinent,0.30846774193548265
2019-05-01,-0.07,0,U3,0
2019-05-01,-0.07,0,U6,0
2019-05-01,-0.07,0,Uncertainty,0.24429038309063733
2019-05-01,-0.07,0,Yield Spread,0
2019-06-01,-0.03,0,Consumer Sentinent,0.3165322580645138
2019-06-01,-0.03,0,U3,0
2019-06-01,-0.03,0,U6,0
2019-06-01,-0.03,0,Uncertainty,0.3581926475991559
2019-06-01,-0.03,0,Yield Spread,0.033534541
2019-07-01,0.03,0,Consumer Sentinent,0.2983870967741913
2019-07-01,0.03,0,U3,0
2019-07-01,0.03,0,U6,0
2019-07-01,0.03,0,Uncertainty,0.39524956005491996
2019-07-01,0.03,0,Yield Spread,0.050301810865190255
2019-08-01,0.07,0,Consumer Sentinent,0.46975806451612634
2019-08-01,0.07,0,U3,0
2019-08-01,0.07,0,U6,0.033333333
2019-08-01,0.07,0,Uncertainty,0.46220823422482615
2019-08-01,0.07,0,Yield Spread,0.013413816
2019-09-01,0,0,Consumer Sentinent,0.4294354838709653
2019-09-01,0,0,U3,0
2019-09-01,0,0,U6,0
2019-09-01,0,0,Uncertainty,0.3938475372744674
2019-09-01,0,0,Yield Spread,0
2019-10-01,-0.03,0,Consumer Sentinent,0.3951612903225792
2019-10-01,-0.03,0,U3,0
2019-10-01,-0.03,0,U6,0
2019-10-01,-0.03,0,Uncertainty,0.41594148246987983
2019-10-01,-0.03,0,Yield Spread,0
2019-11-01,-0.07,0,Consumer Sentinent,0.4274193548387095
2019-11-01,-0.07,0,U3,0
2019-11-01,-0.07,0,U6,0
2019-11-01,-0.07,0,Uncertainty,0.3755487227089007
2019-11-01,-0.07,0,Yield Spread,0.003353454
2019-12-01,0,0,Consumer Sentinent,0.3850806451612896
2019-12-01,0,0,U3,0.033333333333333215
2019-12-01,0,0,U6,0
2019-12-01,0,0,Uncertainty,0.38434762429657154
2019-12-01,0,0,Yield Spread,0
2020-01-01,0,0,Consumer Sentinent,0.38911290322580605
2020-01-01,0,0,U3,0.033333333333333215
2020-01-01,0,0,U6,0.033333333333333215
2020-01-01,0,0,Uncertainty,0.3598847440583246
2020-01-01,0,0,Yield Spread,0.006706908
2020-02-01,0,0,Consumer Sentinent,0.33266129032258096
2020-02-01,0,0,U3,0
2020-02-01,0,0,U6,0.1
2020-02-01,0,0,Uncertainty,0.3016041074432909
2020-02-01,0,0,Yield Spread,0.043594902749833686
2020-03-01,0.3,1,Consumer Sentinent,0.5201612903225823
2020-03-01,0.3,1,U3,0.26666666666666705
2020-03-01,0.3,1,U6,0.7666666666666666
2020-03-01,0.3,1,Uncertainty,0.9919552899769872
2020-03-01,0.3,1,Yield Spread,0.16767270288397196
2020-04-01,4,1,Consumer Sentinent,0.8830645161290347
2020-04-01,4,1,U3,4.000000000000001
2020-04-01,4,1,U6,6.066666666666667
2020-04-01,4,1,Uncertainty,1.9590851076173346
2020-04-01,4,1,Yield Spread,0.25821596244131584
2020-05-01,7.27,0,Consumer Sentinent,1.3044354838709697
2020-05-01,7.27,0,U3,7.233333333333336
2020-05-01,7.27,0,U6,10.766666666666666
2020-05-01,7.27,0,Uncertainty,2.778011448241186
2020-05-01,7.27,0,Yield Spread,0.35881958417169724
2020-06-01,9.5,0,Consumer Sentinent,1.6552419354838719
2020-06-01,9.5,0,U3,9.433333333333335
2020-06-01,9.5,0,U6,13.833333333333332
2020-06-01,9.5,0,Uncertainty,3.186048423
2020-06-01,9.5,0,Yield Spread,0.45606975184440035
2020-07-01,8,0,Consumer Sentinent,2.145161290322581
2020-07-01,8,0,U3,7.900000000000002
2020-07-01,8,0,U6,11.7
2020-07-01,8,0,Uncertainty,3.8233886407147413
2020-07-01,8,0,Yield Spread,0.5365526492287049
2020-08-01,6.37,0,Consumer Sentinent,2.653225806451613
2020-08-01,6.37,0,U3,6.3000000000000025
2020-08-01,6.37,0,U6,9.399999999999999
2020-08-01,6.37,0,Uncertainty,4.251924155402139
2020-08-01,6.37,0,Yield Spread,0.6505700871898057
2020-09-01,5.3,0,Consumer Sentinent,3.022177419354839
2020-09-01,5.3,0,U3,5.233333333333336
2020-09-01,5.3,0,U6,7.666666666666667
2020-09-01,5.3,0,Uncertainty,4.584711183307226
2020-09-01,5.3,0,Yield Spread,0.6908115358819593
2020-10-01,4.2,0,Consumer Sentinent,3.3306451612903225
2020-10-01,4.2,0,U3,4.133333333333336
2020-10-01,4.2,0,U6,6.2
2020-10-01,4.2,0,Uncertainty,4.962870569124557
2020-10-01,4.2,0,Yield Spread,0.7612340710932273
2020-11-01,3.63,0,Consumer Sentinent,3.5665322580645147
2020-11-01,3.63,0,U3,3.566666667
2020-11-01,3.63,0,U6,5.4333333333333345
2020-11-01,3.63,0,Uncertainty,4.683191197230763
2020-11-01,3.63,0,Yield Spread,0.828303152
2020-12-01,3.23,0,Consumer Sentinent,3.2499999999999973
2020-12-01,3.23,0,U3,3.200000000000003
2020-12-01,3.23,0,U6,5.066666666666667
2020-12-01,3.23,0,Uncertainty,3.835378352768269
2020-12-01,3.23,0,Yield Spread,0.9154929577464817
2021-01-01,3.03,0,Consumer Sentinent,3.064516129032257
2021-01-01,3.03,0,U3,3.033333333333336
2021-01-01,3.03,0,U6,4.766666666666665
2021-01-01,3.03,0,Uncertainty,3.1872570632940773
2021-01-01,3.03,0,Yield Spread,1.0663983903420524
2021-02-01,2.87,0,Consumer Sentinent,3.090725806451612
2021-02-01,2.87,0,U3,2.866666667
2021-02-01,2.87,0,U6,4.499999999999999
2021-02-01,2.87,0,Uncertainty,2.801652453
2021-02-01,2.87,0,Yield Spread,1.2407780013413818
2021-03-01,2.33,0,Consumer Sentinent,2.840725806451612
2021-03-01,2.33,0,U3,2.4000000000000035
2021-03-01,2.33,0,U6,4.2
2021-03-01,2.33,0,Uncertainty,1.6695432306472524
2021-03-01,2.33,0,Yield Spread,1.4252179745137488
2021-04-01,-0.07,0,Consumer Sentinent,2.554435483870967
2021-04-01,-0.07,0,U3,0
2021-04-01,-0.07,0,U6,3.9000000000000012
2021-04-01,-0.07,0,Uncertainty,0.2767061166869724
2021-04-01,-0.07,0,Yield Spread,1.6130114017437958
2021-05-01,-0.13,0,Consumer Sentinent,2.5040322580645142
2021-05-01,-0.13,0,U3,0
2021-05-01,-0.13,0,U6,3.5666666666666673
2021-05-01,-0.13,0,Uncertainty,0
2021-05-01,-0.13,0,Yield Spread,1.7706237424547284
2021-06-01,-0.03,0,Consumer Sentinent,2.429435483870966
2021-06-01,-0.03,0,U3,0
2021-06-01,-0.03,0,U6,3.2
2021-06-01,-0.03,0,Uncertainty,0
2021-06-01,-0.03,0,Yield Spread,1.8477531857813547
2021-07-01,-0.23,0,Consumer Sentinent,2.3084677419354804
2021-07-01,-0.23,0,U3,0
2021-07-01,-0.23,0,U6,2.7666666666666666
2021-07-01,-0.23,0,Uncertainty,0
2021-07-01,-0.23,0,Yield Spread,1.8175720992622404
2021-08-01,-0.2,0,Consumer Sentinent,2.5181451612903185
2021-08-01,-0.2,0,U3,0
2021-08-01,-0.2,0,U6,1.666666666666666
2021-08-01,-0.2,0,Uncertainty,0
2021-08-01,-0.2,0,Yield Spread,1.6800804828973828
2021-09-01,-0.37,0,Consumer Sentinent,2.6431451612903185
2021-09-01,-0.37,0,U3,0
2021-09-01,-0.37,0,U6,0
2021-09-01,-0.37,0,Uncertainty,0
2021-09-01,-0.37,0,Yield Spread,1.5291750503018093
2021-10-01,-0.27,0,Consumer Sentinent,2.7459677419354795
2021-10-01,-0.27,0,U3,0
2021-10-01,-0.27,0,U6,0
2021-10-01,-0.27,0,Uncertainty,0
2021-10-01,-0.27,0,Yield Spread,1.3648558014755192
2021-11-01,-0.33,0,Consumer Sentinent,3.0987903225806406
2021-11-01,-0.33,0,U3,0
2021-11-01,-0.33,0,U6,0
2021-11-01,-0.33,0,Uncertainty,0
2021-11-01,-0.33,0,Yield Spread,1.1569416498993945
2021-12-01,-0.27,0,Consumer Sentinent,3.4556451612903185
2021-12-01,-0.27,0,U3,0
2021-12-01,-0.27,0,U6,0
2021-12-01,-0.27,0,Uncertainty,0.035413162
2021-12-01,-0.27,0,Yield Spread,0.8920187793427203
2022-01-01,-0.2,0,Consumer Sentinent,3.7721774193548345
2022-01-01,-0.2,0,U3,0
2022-01-01,-0.2,0,U6,0
2022-01-01,-0.2,0,Uncertainty,0.074645627
2022-01-01,-0.2,0,Yield Spread,0.6270959087860497
2022-02-01,-0.13,0,Consumer Sentinent,4.042338709677413
2022-02-01,-0.13,0,U3,0
2022-02-01,-0.13,0,U6,0
2022-02-01,-0.13,0,Uncertainty,0.1105180715901839
2022-02-01,-0.13,0,Yield Spread,0.22468142186452056
2022-03-01,-0.1,0,Consumer Sentinent,4.118951612903219
2022-03-01,-0.1,0,U3,0
2022-03-01,-0.1,0,U6,0
2022-03-01,-0.1,0,Uncertainty,0.24733615671713882
2022-03-01,-0.1,0,Yield Spread,0
2022-04-01,-0.13,0,Consumer Sentinent,3.8004032258064457
2022-04-01,-0.13,0,U3,0
2022-04-01,-0.13,0,U6,0
2022-04-01,-0.13,0,Uncertainty,0.27675446230009015
2022-04-01,-0.13,0,Yield Spread,0
2022-05-01,-0.07,0,Consumer Sentinent,3.7399193548387055
2022-05-01,-0.07,0,U3,0
2022-05-01,-0.07,0,U6,0
2022-05-01,-0.07,0,Uncertainty,0.30950861518825756
2022-05-01,-0.07,0,Yield Spread,0
2022-06-01,0,0,Consumer Sentinent,3.6874999999999964
2022-06-01,0,0,U3,0
2022-06-01,0,0,U6,0
2022-06-01,0,0,Uncertainty,0.36708824
2022-06-01,0,0,Yield Spread,0
2022-07-01,-0.03,0,Consumer Sentinent,3.512096774193548
2022-07-01,-0.03,0,U3,0
2022-07-01,-0.03,0,U6,0
2022-07-01,-0.03,0,Uncertainty,0.39549128812051393
2022-07-01,-0.03,0,Yield Spread,0
2022-08-01,0.03,0,Consumer Sentinent,3.762096774193548
2022-08-01,0.03,0,U3,0
2022-08-01,0.03,0,U6,0
2022-08-01,0.03,0,Uncertainty,0.35205275473303277
2022-08-01,0.03,0,Yield Spread,0
2022-09-01,0,0,Consumer Sentinent,3.935483870967742
2022-09-01,0,0,U3,0
2022-09-01,0,0,U6,0
2022-09-01,0,0,Uncertainty,0.2647647502465602
2022-09-01,0,0,Yield Spread,0
2022-10-01,0.07,0,Consumer Sentinent,3.993951612903226
2022-10-01,0.07,0,U3,0.033333333333333215
2022-10-01,0.07,0,U6,0
2022-10-01,0.07,0,Uncertainty,0.2933853532130477
2022-10-01,0.07,0,Yield Spread,0
2022-11-01,0.07,0,Consumer Sentinent,4.048387096774194
2022-11-01,0.07,0,U3,0.033333333333333215
2022-11-01,0.07,0,U6,0
2022-11-01,0.07,0,Uncertainty,0.19920809885710766
2022-11-01,0.07,0,Yield Spread,0
2022-12-01,0.03,0,Consumer Sentinent,4.157258065
2022-12-01,0.03,0,U3,0.033333333333333215
2022-12-01,0.03,0,U6,0
2022-12-01,0.03,0,Uncertainty,0.15444006110885256
2022-12-01,0.03,0,Yield Spread,0
2023-01-01,-0.07,0,Consumer Sentinent,4.026209677419356
2023-01-01,-0.07,0,U3,0
2023-01-01,-0.07,0,U6,0
2023-01-01,-0.07,0,Uncertainty,0.24329929802169503
2023-01-01,-0.07,0,Yield Spread,0
2023-02-01,0,0,Consumer Sentinent,3.6854838709677438
2023-02-01,0,0,U3,0
2023-02-01,0,0,U6,0.033333333
2023-02-01,0,0,Uncertainty,0.17721084488793348
2023-02-01,0,0,Yield Spread,0
2023-03-01,0,0,Consumer Sentinent,3.4737903225806477
2023-03-01,0,0,U3,0
2023-03-01,0,0,U6,0.066666667
2023-03-01,0,0,Uncertainty,0.081873296
2023-03-01,0,0,Yield Spread,0
2023-04-01,0,0,Consumer Sentinent,3.3629032258064537
2023-04-01,0,0,U3,0
2023-04-01,0,0,U6,0.033333333
2023-04-01,0,0,Uncertainty,0.12925199667382348
2023-04-01,0,0,Yield Spread,0
2023-05-01,0.03,0,Consumer Sentinent,3.3548387096774217
2023-05-01,0.03,0,U3,0
2023-05-01,0.03,0,U6,0
2023-05-01,0.03,0,Uncertainty,0.3248100017404436
2023-05-01,0.03,0,Yield Spread,0.016767270288396308
2023-06-01,0.07,0,Consumer Sentinent,3.2681451612903256
2023-06-01,0.07,0,U3,0.033333333333333215
2023-06-01,0.07,0,U6,0.066666667
2023-06-01,0.07,0,Uncertainty,0.28265262710061867
2023-06-01,0.07,0,Yield Spread,0
2023-07-01,0.1,0,Consumer Sentinent,2.7600806451612936
2023-07-01,0.1,0,U3,0.066666667
2023-07-01,0.1,0,U6,0.10000000000000142
2023-07-01,0.1,0,Uncertainty,0.1714577169267688
2023-07-01,0.1,0,Yield Spread,0
2023-08-01,0.13,0,Consumer Sentinent,2.4415322580645187
2023-08-01,0.13,0,U3,0.10000000000000009
2023-08-01,0.13,0,U6,0.23333333333333428
2023-08-01,0.13,0,Uncertainty,0.087288004
2023-08-01,0.13,0,Yield Spread,0.020120724346076813
2023-09-01,0.2,0,Consumer Sentinent,2.2802419354838737
2023-09-01,0.2,0,U3,0.16666666666666652
2023-09-01,0.2,0,U6,0.2666666666666684
2023-09-01,0.2,0,Uncertainty,0
2023-09-01,0.2,0,Yield Spread,0.020120724346076813
2023-10-01,0.33,0,Consumer Sentinent,1.9899193548387135
2023-10-01,0.33,0,U3,0.2999999999999998
2023-10-01,0.33,0,U6,0.43333333333333535
2023-10-01,0.33,0,Uncertainty,0.046266752
2023-10-01,0.33,0,Yield Spread,0.11737089201877993
2023-11-01,0.3,0,Consumer Sentinent,1.6471774193548425
2023-11-01,0.3,0,U3,0.2999999999999998
2023-11-01,0.3,0,U6,0.40000000000000124
2023-11-01,0.3,0,Uncertainty,0
2023-11-01,0.3,0,Yield Spread,0.17773306505700992
2023-12-01,0.23,0,Consumer Sentinent,1.2096774193548425
2023-12-01,0.23,0,U3,0.2999999999999998
2023-12-01,0.23,0,U6,0.4666666666666677
2023-12-01,0.23,0,Uncertainty,0
2023-12-01,0.23,0,Yield Spread,0.32863849765258335
2024-01-01,0.2,0,Consumer Sentinent,0.34879032258064946
2024-01-01,0.2,0,U3,0.23333333333333295
2024-01-01,0.2,0,U6,0.4666666666666677
2024-01-01,0.2,0,Uncertainty,0
2024-01-01,0.2,0,Yield Spread,0.55331992
2024-02-01,0.27,0,Consumer Sentinent,0
2024-02-01,0.27,0,U3,0.2999999999999994
2024-02-01,0.27,0,U6,0.5666666666666682
2024-02-01,0.27,0,Uncertainty,0.026638433
2024-02-01,0.27,0,Yield Spread,0.6841046277665996
2024-03-01,0.3,0,Consumer Sentinent,0
2024-03-01,0.3,0,U3,0.3333333333333326
2024-03-01,0.3,0,U6,0.6000000000000014
2024-03-01,0.3,0,Uncertainty,0.053494421
2024-03-01,0.3,0,Yield Spread,0.7712944332662648
2024-04-01,0.37,0,Consumer Sentinent,0
2024-04-01,0.37,0,U3,0.4
2024-04-01,0.37,0,U6,0.6666666666666696
2024-04-01,0.37,0,Uncertainty,0.10735143393088609
2024-04-01,0.37,0,Yield Spread,0.751173709
2024-05-01,0.37,0,Consumer Sentinent,0
2024-05-01,0.37,0,U3,0.43333333333333224
2024-05-01,0.37,0,U6,0.7000000000000028
2024-05-01,0.37,0,Uncertainty,0.11211347682311357
2024-05-01,0.37,0,Yield Spread,0.7545271629778667
2024-06-01,0.43,0,Consumer Sentinent,0
2024-06-01,0.43,0,U3,0.46666666666666545
2024-06-01,0.43,0,U6,0.733333333
2024-06-01,0.43,0,Uncertainty,0
2024-06-01,0.43,0,Yield Spread,0.7578806170355445
2024-07-01,0.53,0,Consumer Sentinent,0
2024-07-01,0.53,0,U3,0.5333333333333328
2024-07-01,0.53,0,U6,0.8666666666666698
2024-07-01,0.53,0,Uncertainty,0.071406471
2024-07-01,0.53,0,Yield Spread,0.761234071
2024-08-01,0.57,0,Consumer Sentinent,0.036290323
2024-08-01,0.57,0,U3,0.5666666666666655
2024-08-01,0.57,0,U6,1.0000000000000027
2024-08-01,0.57,0,Uncertainty,0.014745412001315072
2024-08-01,0.57,0,Yield Spread,0.8249496981891333
2024-09-01,0.5,0,Consumer Sentinent,0.215725806
2024-09-01,0.5,0,U3,0.4999999999999991
2024-09-01,0.5,0,U6,1.1000000000000032
2024-09-01,0.5,0,Uncertainty,0
2024-09-01,0.5,0,Yield Spread,0.9859154929577447
2024-10-01,0.43,0,Consumer Sentinent,0.344758065
2024-10-01,0.43,0,U3,0.39999999999999947
2024-10-01,0.43,0,U6,1.066666666666669
2024-10-01,0.43,0,Uncertainty,0
2024-10-01,0.43,0,Yield Spread,1.0395707578806146
2024-11-01,0.43,0,Consumer Sentinent,0.4979838709677429
2024-11-01,0.43,0,U3,0.3999999999999986
2024-11-01,0.43,0,U6,0.9666666666666668
2024-11-01,0.43,0,Uncertainty,0.2899044690684762
2024-11-01,0.43,0,Yield Spread,1.1368209255533182
2024-12-01,0.4,0,Consumer Sentinent,0.5625000000000018
2024-12-01,0.4,0,U3,0.3999999999999986
2024-12-01,0.4,0,U6,0.8666666666666671
2024-12-01,0.4,0,Uncertainty,0.4470760573185575
2024-12-01,0.4,0,Yield Spread,1.1871227364185102
2025-01-01,0.37,0,Consumer Sentinent,0.5100806451612918
2025-01-01,0.37,0,U3,0.36666666666666536
2025-01-01,0.37,0,U6,0.6666666666666679
2025-01-01,0.37,0,Uncertainty,0.8366933534451075
2025-01-01,0.37,0,Yield Spread,1.1670020120724334
2025-02-01,0.27,0,Consumer Sentinent,0.5806451612903247
2025-02-01,0.27,0,U3,0.26666666666666483
2025-02-01,0.27,0,U6,0.7333333333333343
2025-02-01,0.27,0,Uncertainty,1.4212643344742888
2025-02-01,0.27,0,Yield Spread,1.1468812877263583